
INSERT INTO languages (name, code) VALUES 
('English', 'en'),
('French', 'fr'),
('German', 'de'),
('Spanish', 'es'),
('Italian', 'it'),
('Czech', 'cs'),
('Dutch', 'nl'),
('Japanese', 'ja');

INSERT INTO countries (name) VALUES 
('United States'),
('Germany'),
('France'),
('Italy'),
('United Kingdom'),
('Japan'),
('Czech Republic'),
('Netherlands'),
('Spain'),
('Canada');


INSERT INTO people (name, is_real_person, birth_date, biography, country_id) VALUES 
('Reiner Knizia', TRUE, '1957-11-16', 'Famous German board game designer known for modern classics', 2),
('Klaus Teuber', TRUE, '1952-06-25', 'Creator of Catan and many other popular games', 2),
('Vlaada Chvátil', TRUE, '1971-07-10', 'Czech game designer known for innovative mechanics', 7),
('Jamey Stegmaier', TRUE, '1980-03-15', 'American designer and publisher of Stonemaier Games', 1),
('Elizabeth Hargrave', TRUE, '1986-05-20', 'Designer of Wingspan and other nature-themed games', 1),
('Luc Rémond', TRUE, '1975-08-12', 'French designer known for cooperative games', 3),
('Bruno Cathala', TRUE, '1963-09-05', 'Prolific French designer with 100+ published games', 3),
('Matt Leacock', TRUE, '1971-12-10', 'Designer of Pandemic and other cooperative games', 1),
('Uwe Rosenberg', TRUE, '1970-03-27', 'German designer known for worker placement games', 2),
('Stefan Feld', TRUE, '1970-10-10', 'German designer known for point salad games', 2),
('Stonemaier Games', FALSE, NULL, 'Board game publisher based in the USA', 1),
('Z-Man Games', FALSE, NULL, 'Publisher of Pandemic and other games', 1),
('Repos Production', FALSE, NULL, 'Belgian board game publisher', 1),
('Space Cowboys', FALSE, NULL, 'French board game publisher', 3),
('Plan B Games', FALSE, NULL, 'Canadian board game publisher', 10),
('Cepha Games', FALSE, NULL, 'Publisher of Gloomhaven', 1),
('Czech Games Edition', FALSE, NULL, 'Czech board game publisher', 7),
('Catan Studio', FALSE, NULL, 'Publisher of Catan', 1),
('Days of Wonder', FALSE, NULL, 'Publisher of Ticket to Ride', 1);

INSERT INTO users (username, email, password, user_description, first_name, last_name, last_login, website, avatar_url, country_id, n_published_media) VALUES 
('BoardGameMaster', 'master@bgg.com', 'pass123', 'Passionate board game collector with 500+ games', 'John', 'Smith', '2024-12-03', 'boardgamemaster.com', 'https://www.w3schools.com/howto/img_avatar.png', 1,8),
('GamerGirl42', 'gamer@email.com', 'pass456', 'Love strategy games and teaching new players', 'Sarah', 'Johnson', '2024-12-02', NULL, 'https://img.freepik.com/premium-vector/male-face-avatar-icon-set-flat-design-social-media-profiles_1281173-3806.jpg?semt=ais_hybrid&w=740', 1,9),
('EuroGameFan', 'euro@games.de', 'pass789', 'Euro games enthusiast from Germany', 'Hans', 'Mueller', '2024-12-01', NULL, 'https://png.pngtree.com/png-vector/20220817/ourmid/pngtree-women-cartoon-avatar-in-flat-style-png-image_6110776.png', 2,10),
('CoopPlayer', 'coop@games.com', 'pass321', 'Cooperative games are the best!', 'Marie', 'Dubois', '2024-12-03', NULL, 'https://img.freepik.com/vettori-gratuito/l-illustrazione-del-giovane-sorridente_1308-174669.jpg?semt=ais_hybrid&w=740', 3,11),
('ThematicGamer', 'theme@board.it', 'pass654', 'Thematic games tell the best stories', 'Marco', 'Rossi', '2024-11-30', 'thematicgames.it', 'https://www.w3schools.com/howto/img_avatar2.png', 4,12),
('MeepleQueen', 'meeplequeen@bgg.com', 'pass111', 'Board game night organizer and reviewer', 'Anna', 'Bianchi', '2024-12-01', 'meeplequeen.com', 'https://static.vecteezy.com/system/resources/thumbnails/004/899/680/small/beautiful-blonde-woman-with-makeup-avatar-for-a-beauty-salon-illustration-in-the-cartoon-style-vector.jpg', 4,13),
('DiceRoller', 'diceroller@bgg.com', 'pass222', 'Loves dice games and Ameritrash classics', 'Tom', 'Evans', '2024-12-02', NULL, 'https://static.vecteezy.com/ti/vettori-gratis/p1/2002403-uomo-con-barba-avatar-personaggio-isolato-icona-gratuito-vettoriale.jpg', 1,14),
('CardShark', 'cardshark@bgg.com', 'pass333', 'Card games enthusiast and tournament player', 'Lisa', 'Nguyen', '2024-12-03', NULL, 'https://encrypted-tbn0.gstatic.com/images?q=tbn:ANd9GcSk740kSKRQ6-Zqea74Ftb6XQyGHQLbTt0MNQ&s', 5,15),
('EuroStrategist', 'eurostrategist@bgg.com', 'pass444', 'Eurogame lover and strategy blogger', 'Felix', 'Schmidt', '2024-12-03', 'eurostrategist.de', 'https://img.freepik.com/vettori-premium/immagine-di-profilo-dell-avatar-dell-uomo-isolata-sullo-sfondo-immagina-di-profilo-avatar-per-l-uomo_1293239-4841.jpg?semt=ais_hybrid&w=740', 2,16),
('PartyStarter', 'partystarter@bgg.com', 'pass555', 'Always brings the party games!', 'Julia', 'Martinez', '2024-12-02', NULL, 'https://static.vecteezy.com/system/resources/previews/048/216/761/non_2x/modern-male-avatar-with-black-hair-and-hoodie-illustration-free-png.png', 9,17),
('EmaTroll3r', 'ematroll3r@gmail.com', '$2y$10$wSHUag0Kh6N.cxA0fj.ebO2xKzWgZK/Pr2Oori901Bn2PY/0w.06C', 'Passionate board game reviewer and content creator. Love deep strategy games and cooperative experiences. Always looking for the next great game to review!', 'Emanuele', 'Rossi', '2024-12-03', 'ematroll3r.boardgamereviews.com', 'https://preview.redd.it/tf1eu7oc8rh71.jpg?width=1080&crop=smart&auto=webp&s=b72e93cec5170336891b49e7ac931961d511a60a', 4, 18);

INSERT INTO tags (category_type, name) VALUES 
('type', 'Strategy Games'),
('type', 'Family Games'),
('type', 'Thematic Games'),
('type', 'War Games'),
('type', 'Abstract Games'),
('type', 'Party Games'),
('type', 'Solo Games'),
('type', 'Childrens Games'),
('type', 'Card Games'),
('type', 'Dice Games'),
('type', 'Cooperative Games'),
('type', 'Economic Games'),
('type', 'Adventure Games'),
('type', 'Puzzle Games'),
('type', 'Trivia Games'),
('type', 'Miniatures Games'),
('mechanism', 'Worker Placement'),
('mechanism', 'Deck Building'),
('mechanism', 'Area Control'),
('mechanism', 'Cooperative Play'),
('mechanism', 'Engine Building'),
('mechanism', 'Hand Management'),
('mechanism', 'Tile Placement'),
('mechanism', 'Drafting'),
('mechanism', 'Set Collection'),
('mechanism', 'Modular Board'),
('mechanism', 'Variable Player Powers'),
('mechanism', 'Roll and Write'),
('mechanism', 'Action Points'),
('mechanism', 'Auction/Bidding'),
('mechanism', 'Grid Movement'),
('mechanism', 'Pick-up and Deliver'),
('category', 'Abstract Strategy'),
('category', 'Card Drafting'),
('category', 'Cooperative'),
('category', 'Deck Building'),
('category', 'Dice Rolling'),
('category', 'Grid Movement'),
('category', 'Hand Management'),
('category', 'Modular Board'),
('category', 'Point to Point Movement'),
('category', 'Set Collection'),
('family', 'Modern Classics'),
('family', 'Family Strategy Games'),
('family', 'Classic Games'),
('family', 'Eurogames'),
('family', 'Ameritrash'),
('family', 'Deckbuilding Games'),
('family', 'Legacy Games'),
('family', 'Roll and Write Games'),
('family', 'Tile-Laying Games'),
('family', 'Abstract Strategy'),
('family', 'Party Games'),
('family', 'Cooperative Games'),
('family', 'Solo Play'),
('family', 'Card Games'),
('family', 'Dice Games'),
('family', 'Miniatures Games'),
('family', 'Economic Games'),
('family', 'Adventure Games');


INSERT INTO boardgames (name, year_published, small_description, min_players, max_players, playing_time, min_age, description, complexity_rating, average_rating, bgg_ELO, num_ratings, num_comments, image_url, thumbnail_url, official_link, official_link_alt, owners, n_likes, n_expansions, n_versions, is_base_game) VALUES 
('Sky Team', 2023, 'Cooperative airplane landing game for two players', 2, 2, 20, 12, "Sky Team is a co-operative game, exclusively for two players, in which you play a pilot and co-pilot at the controls of an airliner. Your goal is to work together as a team to land your airplane in different airports around the world.\n\nTo land your plane, you need to silently assign your dice to the correct spaces in your cockpit to balance the axis of your plane, control its speed, deploy the flaps, extend the landing gear, contact the control tower to clear your path, and even have a little coffee to improve your concentration enough to change the value of your dice.\n\nIf the aircraft tilts too much and stalls, overshoots the airport, or collides with another aircraft, you lose the game...and your pilots license...and probably your life.\n\nFrom Montreal to Tokyo, each airport offers its own set of challenges. Watch out for the turbulence as this could end up being a bumpy ride!", 2.15, 7.5, 1, 15000, 2500, 'https://cf.geekdo-images.com/uXMeQzNenHb3zK7Hoa6b2w__itemrep/img/oaw-LYEIaB20e79Y568JgyHZ5NQ=/fit-in/246x300/filters:strip_icc()/pic7398904.jpg', 'https://cf.geekdo-images.com/uXMeQzNenHb3zK7Hoa6b2w__opengraph/img/KtJwilwgxYSN5ODFEXReTm-M8jQ=/0x242:2176x1385/fit-in/1200x630/filters:strip_icc()/pic7398904.jpg', 'https://www.scorpionmasque.com/en/sky-team', 'Sky Team - Le Scorpion Masque', 25000, 3, 3, 5, TRUE),
('Wingspan', 2019, 'Engine-building game about birds', 1, 5, 70, 10, 'Wingspan is a competitive, medium-weight, card-driven, engine-building board game from Stonemaier Games. You are bird enthusiasts—researchers, bird watchers, ornithologists, and collectors—seeking to discover and attract the best birds to your network of wildlife preserves.', 2.42, 8.1, 15, 98000, 12000, 'https://cf.geekdo-images.com/yLZJCVLlIx4c7eJEWUNJ7w__itemrep/img/DR7181wU4sHT6gn6Q1XccpPxNHg=/fit-in/246x300/filters:strip_icc()/pic4458123.jpg', 'https://www.nintendo.com/eu/media/images/10_share_images/games_15/nintendo_switch_download_software_1/H2x1_NSwitchDS_Wingspan_image1600w.jpg', 'https://stonemaiergames.com/games/wingspan/', 'Stonemaier Games Wingspan', 120000, 2, 3, 5, TRUE),
('Gloomhaven', 2017, 'Tactical combat in a persistent world', 1, 4, 120, 14, 'Gloomhaven is a game of Euro-inspired tactical combat in a persistent world of shifting motives. Players will take on the role of a wandering adventurer with their own special set of skills and their own reasons for traveling to this dark corner of the world.', 3.86, 8.7, 3, 75000, 8500, 'https://cf.geekdo-images.com/sZYp_3BTDGjh2unaZfZmuA__itemrep/img/0IdBRA_G-ZdrNaxI4Z1LPQMZD0I=/fit-in/246x300/filters:strip_icc()/pic2437871.jpg', 'https://www.houseofgames.it/wp-content/uploads/2017/12/gloomhaven.jpg', 'https://cephalofair.com/gloomhaven', 'Cephalofair Games', 85000, 2, 3, 5, TRUE),
('Azul', 2017, 'Tile-placement game inspired by Portuguese tiles', 2, 4, 45, 8, 'Introduced by the Moors, azulejos (originally white and blue ceramic tiles) were fully embraced by the Portuguese when their king Manuel I, on a visit to the Alhambra palace in Southern Spain, was mesmerized by the stunning beauty of the Moorish decorative tiles.', 1.78, 7.8, 45, 89000, 9200, 'https://cf.geekdo-images.com/aPSHJO0d0XOpQR5X-wJonw__itemrep/img/6oRLPDvy4zz3gOZM6e6NzIk8Seg=/fit-in/246x300/filters:strip_icc()/pic6973671.png', 'https://www.ultraboardgames.com/img/slideshow/azul.jpg', 'https://planbgames.com/en/our-games/azul', 'Plan B Games Azul', 95000, 2, 3, 5, TRUE),
('Pandemic', 2008, 'Cooperative game about stopping global diseases', 2, 4, 45, 8, 'In Pandemic, several virulent diseases have broken out simultaneously all over the world! The players are disease-fighting specialists whose mission is to treat disease hotspots while researching cures for each of four plagues before they get out of hand.', 2.40, 7.6, 120, 125000, 15000, 'https://cf.geekdo-images.com/S3ybV1LAp-8SnHIXLLjVqA__itemrep/img/wAMLbgihOl7dJDHnvqt7OXKEV-4=/fit-in/246x300/filters:strip_icc()/pic1534148.jpg', 'https://cf.geekdo-images.com/S3ybV1LAp-8SnHIXLLjVqA__opengraph/img/fNu5AeI1nPD73l9_KNPEurNwBuI=/0x655:976x1167/fit-in/1200x630/filters:strip_icc()/pic1534148.jpg', 'https://zmangames.com/pandemic/', 'Z-Man Games Pandemic', 180000, 2, 3, 5, TRUE),
('Catan', 1995, 'Build and trade in this classic strategy game', 3, 4, 60, 10, 'In Catan (formerly The Settlers of Catan) , players try to be the dominant force on the island of Catan by building settlements, cities, and roads. On each turn dice are rolled to determine what resources the island produces.', 2.32, 7.2, 280, 200000, 25000, 'https://cf.geekdo-images.com/PyUol9QxBnZQCJqZI6bmSA__itemrep/img/zUs-jB7S9JTuLPOcY9pUxaqYNqA=/fit-in/246x300/filters:strip_icc()/pic8632666.png', 'https://www.nintendo.com/eu/media/images/10_share_images/games_15/nintendo_switch_download_software_1/2x1_NSwitchDS_CatanConsoleEdition.jpg', 'https://catanstudio.com', 'Catan Studio', 500000, 1, 3, 5, TRUE),
('Ticket to Ride', 2004, 'Railway-themed board game', 2, 5, 60, 8, 'Ticket to Ride is a railway-themed German-style board game designed by Alan R. Moon and published in 2004 by Days of Wonder. The game is also known as Zug um Zug (German, FALSE) , Les Aventuriers du Rail (French, FALSE) , and Aventureros al Tren (Spanish).', 1.84, 7.4, 185, 175000, 18000, 'https://cf.geekdo-images.com/ZWJg0dCdrWHxVnc0eFXK8w__itemrep/img/iiTIuTtuneM3tbDCjALecsgyizA=/fit-in/246x300/filters:strip_icc()/pic38668.jpg', 'https://www.nintendo.com/eu/media/images/10_share_images/games_15/nintendo_switch_download_software_1/2x1_NSwitchDS_TicketToRide_GBen_image1600w.jpg', 'https://daysofwonder.com/tickettoride/', 'Days of Wonder', 300000, 2, 3, 5, TRUE),
('Splendor', 2014, 'Engine building with gems and cards', 2, 4, 30, 10, 'Splendor is a game of chip-collecting and card development. Players are merchants of the Renaissance trying to buy gem mines, means of transportation, shops—all in order to acquire the most prestige points.', 1.78, 7.4, 195, 140000, 14000, 'https://cf.geekdo-images.com/vNFe4JkhKAERzi4T0Ntwpw__itemrep/img/OoBoVLPl4ZYiNioNIKlV_0HLEYQ=/fit-in/246x300/filters:strip_icc()/pic8234167.png', 'https://gaming-cdn.com/images/products/14788/orig/splendor-pc-gioco-steam-cover.jpg?v=1692696616', 'https://spacecowboys.fr/splendor', 'Space Cowboys', 250000, 1, 3, 5, TRUE),
('7 Wonders', 2010, 'Civilization building through card drafting', 2, 7, 45, 10, '7 Wonders is a board game created by Antoine Bauza and originally published in 2010 by Repos Production. Three decks of cards featuring images of ancient civilizations, armed conflicts, and commercial activity are used in the game.', 2.33, 7.8, 35, 165000, 16500, 'https://cf.geekdo-images.com/35h9Za_JvMMMtx_92kT0Jg__itemrep/img/EUlr4of74-i75S-jIrgNfaQ3M6Q=/fit-in/246x300/filters:strip_icc()/pic7149798.jpg', 'https://b1803394.smushcdn.com/1803394/wp-content/uploads/2020/08/7-wonders-review-header-990x557.jpg?lossy=1&strip=1&webp=1', 'https://rprod.com/7-wonders', 'Repos Production', 280000, 2, 3, 5, TRUE),
('Codenames', 2015, 'Word-based party game', 2, 8, 15, 14, 'Codenames is a social word game with a simple premise and challenging game play. Two rival spymasters know the secret identities of 25 agents. Their teammates know the agents only by their codenames.', 1.31, 7.5, 155, 180000, 20000, 'https://cf.geekdo-images.com/nC6ifPCDnAItwoKSKXVrnw__itemrep/img/iM9m6bb1zTCzDzkXhiKE5V1gomc=/fit-in/246x300/filters:strip_icc()/pic8907965.jpg', 'https://cf.geekdo-images.com/nC6ifPCDnAItwoKSKXVrnw__opengraph/img/a-o7v0YkRyRVid6iCqqsA5CwIsY=/0x0:1906x1001/fit-in/1200x630/filters:strip_icc()/pic8907965.jpg', 'https://czechgames.com/en/codenames/', 'Czech Games Edition', 320000, 2, 3, 5, TRUE),
('Sky Team: Houston Airport Expansion', 2024, 'Aggiunge l aeroporto di Houston con nuove difficoltà e scenari', 2, 2, 20, 14, 'Introduces Houston as a new challenging airport with turbulence and air traffic modules.', 2.2, 7.9, 35, 6000, 500, '.../skyteam-houston.jpg', '.../skyteam-houston-thumb.jpg', 'https://www.le-scorpion-masque.com/en/games/skyteam/houston', 'Sky Team: Houston Expansion', 8000, 3, 0, 0, FALSE),
('Sky Team: World Tour Expansion', 2025, 'Espansione con nuove rotte globali e condizioni climatiche estreme', 2, 2, 25, 14, 'Adds new airports from five continents, including snowstorms and night landings.', 2.3, 8.0, 32, 7000, 600, '.../skyteam-world.jpg', '.../skyteam-world-thumb.jpg', 'https://www.le-scorpion-masque.com/en/games/skyteam/world-tour', 'Sky Team: World Tour', 9000, 4, 0, 0, FALSE),
('Sky Team: Emergency Protocols', 2025, 'Modalità avanzata con guasti tecnici e gestione del panico', 2, 2, 30, 14, 'Features emergency checklists, system failures and a panic meter.', 2.5, 8.1, 30, 5000, 450, '.../skyteam-emergency.jpg', '.../skyteam-emergency-thumb.jpg', 'https://www.le-scorpion-masque.com/en/games/skyteam/emergency', 'Sky Team: Emergency Protocols', 7000, 3, 0, 0, FALSE),
('Sky Team: Deluxe Edition', 2024, 'Edizione deluxe con segnalini in legno e inserti premium', 2, 2, 20, 14, 'Includes upgraded tokens, custom dice, and a neoprene board.', 2.2, 7.9, 35, 4000, 350, '.../skyteam-deluxe.jpg', '.../skyteam-deluxe-thumb.jpg', 'https://www.le-scorpion-masque.com/en/games/skyteam/deluxe', 'Sky Team Deluxe Edition', 6000, 3, 0, 0, FALSE),
('Sky Team: Italian Edition', 2023, 'Versione italiana completa', 2, 2, 20, 14, 'Localizzazione italiana del gioco base.', 2.2, 7.9, 35, 4500, 400, '.../skyteam-it.jpg', '.../skyteam-it-thumb.jpg', 'https://example.it/skyteam', 'Sky Team Edizione Italiana', 5000, 2, 0, 0, FALSE),
('Sky Team: Solo Pilot Edition', 2025, 'Versione per giocatore singolo con AI automatica', 1, 1, 20, 14, 'Adds solo mode with automated co-pilot and mission cards.', 2.4, 8.2, 28, 3000, 250, '.../skyteam-solo.jpg', '.../skyteam-solo-thumb.jpg', 'https://www.le-scorpion-masque.com/en/games/skyteam/solo', 'Sky Team Solo Pilot Edition', 4000, 2, 0, 0, FALSE),
('Sky Team: Collector s Tin', 2024, 'Con scatola in latta e badge esclusivo', 2, 2, 20, 14, 'Includes limited edition tin and enamel pilot badge.', 2.2, 7.9, 35, 3500, 300, '.../skyteam-collectors.jpg', '.../skyteam-collectors-thumb.jpg', 'https://www.le-scorpion-masque.com/en/games/skyteam/collectors', 'Sky Team Collector s Tin', 5000, 2, 0, 0, FALSE),
('Sky Team: Japanese Edition', 2024, 'Versione localizzata per il Giappone', 2, 2, 20, 14, 'Complete translation and packaging in Japanese.', 2.2, 7.9, 35, 4000, 350, '.../skyteam-jp.jpg', '.../skyteam-jp-thumb.jpg', 'https://example.jp/skyteam', 'Sky Team 日本語版', 4500, 2, 0, 0, FALSE),
('Wingspan: European Expansion', 2019, 'Adds European birds with new abilities and strategies', 1, 5, 70, 10, "This expansion includes new birds from Europe, featuring new powers, abilities, and purple egg tokens. It integrates seamlessly into the base game.", 2.55, 8.2, 200, 30000, 3500, 'https://cf.geekdo-images.com/european.jpg', 'https://cf.geekdo-images.com/european-thumb.jpg', 'https://stonemaiergames.com/games/wingspan/european-expansion', 'Wingspan European Expansion', 40000, 7, 0, 0, FALSE),
('Wingspan: Oceania Expansion', 2020, 'Adds birds from Australia and Oceania', 1, 5, 70, 10, "Oceania Expansion introduces new bird cards, a new food type (nectar) , and new player mats to the base game.", 2.65, 8.4, 180, 28000, 3000, 'https://cf.geekdo-images.com/oceania.jpg', 'https://cf.geekdo-images.com/oceania-thumb.jpg', 'https://stonemaiergames.com/games/wingspan/oceania-expansion', 'Wingspan Oceania Expansion', 35000, 6, 0, 0, FALSE),
('Wingspan: Asia Expansion', 2022, 'Adds Asian birds and Duet mode for two players', 1, 2, 40, 10, "The Asia Expansion includes new Asian birds and introduces a new two-player mode called 'Duet', along with solo play enhancements.", 2.7, 8.3, 220, 22000, 2100, 'https://cf.geekdo-images.com/asia.jpg', 'https://cf.geekdo-images.com/asia-thumb.jpg', 'https://stonemaiergames.com/games/wingspan/asia-expansion', 'Wingspan Asia Expansion', 30000, 5, 0, 0, FALSE),
('Wingspan: Deluxe Edition', 2021, 'Premium version with upgraded components and storage', 1, 5, 70, 10, "Deluxe edition of Wingspan with upgraded eggs, trays, and storage. No gameplay changes.", 2.45, 8.1, 20, 12000, 800, 'https://cf.geekdo-images.com/deluxe.jpg', 'https://cf.geekdo-images.com/deluxe-thumb.jpg', 'https://stonemaiergames.com/games/wingspan/deluxe', 'Wingspan Deluxe Edition', 18000, 4, 0, 0, FALSE),
('Wingspan: German Edition', 2020, 'Localized version in German', 1, 5, 70, 10, "Wingspan in German language with localized text and rules.", 2.45, 8.1, 20, 9000, 600, 'https://cf.geekdo-images.com/german.jpg', 'https://cf.geekdo-images.com/german-thumb.jpg', 'https://example.de/wingspan', 'Wingspan - Deutsche Version', 15000, 3, 0, 0, FALSE),
('Wingspan: Collector s Edition', 2023, 'Limited release with metallic eggs and foil cards', 1, 5, 70, 10, "Collector s edition includes foil bird cards, embossed packaging, and metallic egg tokens.", 2.45, 8.1, 20, 5000, 400, 'https://cf.geekdo-images.com/collectors.jpg', 'https://cf.geekdo-images.com/collectors-thumb.jpg', 'https://stonemaiergames.com/games/wingspan/collectors', 'Wingspan Collector s Edition', 8000, 4, 0, 0, FALSE),
('Wingspan: Spanish Edition', 2021, 'Spanish language version of the base game', 1, 5, 70, 10, "Wingspan base game localized for Spanish speakers.", 2.45, 8.1, 20, 8500, 550, 'https://cf.geekdo-images.com/spanish.jpg', 'https://cf.geekdo-images.com/spanish-thumb.jpg', 'https://example.es/wingspan', 'Wingspan - Edición Española', 13000, 2, 0, 0, FALSE),
('Wingspan: 5th Anniversary Edition', 2024, 'Commemorative edition celebrating 5 years of Wingspan', 1, 5, 70, 10, "A special edition celebrating the 5th anniversary of Wingspan with exclusive artwork and a hardcover rulebook.", 2.45, 8.1, 20, 4500, 350, 'https://cf.geekdo-images.com/anniversary.jpg', 'https://cf.geekdo-images.com/anniversary-thumb.jpg', 'https://stonemaiergames.com/games/wingspan/anniversary', 'Wingspan 5th Anniversary Edition', 6000, 3, 0, 0, FALSE),
('Gloomhaven: Forgotten Circles', 2020, 'Nuove campagne, classi e scenari', 1, 4, 120, 14, "Forgotten Circles introduces a side-campaign, two new classes, and over 20 new scenarios.", 3.8, 8.9, 5, 20000, 1500, '.../forgotten.jpg', '.../forgotten-thumb.jpg', 'https://cephalofair.com/gloomhaven/forgotten-circles', 'Gloomhaven Forgotten Circles', 50000, 10, 0, 0, FALSE),
('Gloomhaven: Removable Campaign', 2021, 'Moduli di campagna rimovibili per partite rapide', 1, 4, 90, 14, "Adds modular campaign elements for shorter gameplay sessions.", 3.8, 8.8, 7, 15000, 900, '.../modular.jpg', '.../modular-thumb.jpg', 'https://cephalofair.com/gloomhaven/modular-campaign', 'Gloomhaven Modular Campaign', 30000, 8, 0, 0, FALSE),
('Gloomhaven: Jaws of the Lion', 2020, 'Stand-alone entry point con nuovi personaggi', 1, 4, 60, 12, "Standalone version ideal for newcomers, with streamlined setup and story.", 3.7, 8.7, 10, 25000, 2000, '.../jotl.jpg', '.../jotl-thumb.jpg', 'https://cephalofair.com/gloomhaven/jotl', 'Gloomhaven Jaws of the Lion', 60000, 12, 0, 0, FALSE),
('Gloomhaven: Deluxe Edition', 2022, 'Artsetto deluxe con organizer e miniature metalliche', 1, 4, 120, 14, "...", 3.8, 8.9, 5, 8000, 500, '.../deluxe.jpg', '.../deluxe-thumb.jpg', 'https://cephalofair.com/gloomhaven/deluxe', 'Gloomhaven Deluxe Edition', 12000, 5, 0, 0, FALSE),
('Gloomhaven: Italian Edition', 2019, 'Versione italiana completa', 1, 4, 120, 14, "...", 3.8, 8.9, 5, 11000, 700, '.../italian.jpg', '.../italian-thumb.jpg', 'https://esempio.it/gloomhaven', 'Gloomhaven Edizione Italiana', 15000, 4, 0, 0, FALSE),
('Gloomhaven: Collector\'s Edition', 2023, 'Con case deluxe e carte foil', 1, 4, 120, 14, "...", 3.8, 8.9, 5, 5000, 400, '.../collector.jpg', '.../collector-thumb.jpg', 'https://cephalofair.com/gloomhaven/collector', 'Gloomhaven Collector\'s Edition', 7000, 3, 0, 0, FALSE),
('Gloomhaven: 5th Anniversary Edition', 2024, 'Art histo e copertina rigida', 1, 4, 120, 14, "...", 3.8, 8.9, 5, 4000, 300, '.../anniversary.jpg', '.../anniversary-thumb.jpg', 'https://cephalofair.com/gloomhaven/anniversary', 'Gloomhaven 5th Anniversary Edition', 6000, 2, 0, 0, FALSE),
('Gloomhaven: Russian Edition', 2020, 'Localizzazione russa', 1, 4, 120, 14, "...", 3.8, 8.9, 5, 9000, 600, '.../russian.jpg', '.../russian-thumb.jpg', 'https://esempio.ru/gloomhaven', 'Gloomhaven Российское издание', 12000, 3, 0, 0, FALSE),
('Azul: Stained Glass of Sintra', 2019, 'Nuove tessere e tabelloni per un esperienza premium', 2, 4, 45, 8, "...", 1.9, 7.7, 50, 20000, 1700, '.../sintra.jpg', '.../sintra-thumb.jpg', 'https://nextmove.games/azul/sintra', 'Azul: Stained Glass of Sintra', 30000, 9, 0, 0, FALSE),
('Azul: Summer Pavilion', 2020, 'MODALITÀ ESPANSIVA con mosaici nuovi', 2, 4, 40, 8, "...", 2.1, 7.8, 45, 18000, 1300, '.../summer.jpg', '.../summer-thumb.jpg', 'https://nextmove.games/azul/summer', 'Azul: Summer Pavilion', 28000, 8, 0, 0, FALSE),
('Azul: Queen s Garden', 2022, 'Espansione modulare con nuove regole', 2, 4, 40, 8, "...", 2.2, 7.9, 40, 16000, 1200, '.../queen.jpg', '.../queen-thumb.jpg', 'https://nextmove.games/azul/queen', 'Azul: Queen s Garden', 25000, 7, 0, 0, FALSE),
('Azul: Deluxe Edition', 2021, 'Edizione deluxe con tessere lucide e organizer', 2, 4, 45, 8, "...", 1.9, 7.7, 50, 9000, 800, '.../azul-deluxe.jpg', '.../azul-deluxe-thumb.jpg', 'https://nextmove.games/azul/deluxe', 'Azul Deluxe Edition', 12000, 5, 0, 0, FALSE),
('Azul: 5th Anniversary Edition', 2024, 'Con pezzi commemorativi e grafica celebrativa', 2, 4, 45, 8, "...", 1.9, 7.7, 50, 5000, 500, '.../azul-anniversary.jpg', '.../azul-anniversary-thumb.jpg', 'https://nextmove.games/azul/anniversary', 'Azul 5th Anniversary', 7000, 3, 0, 0, FALSE),
('Azul: German Edition', 2020, 'Versione tedesca', 2, 4, 45, 8, "...", 1.9, 7.7, 50, 8000, 600, '.../azul-de.jpg', '.../azul-de-thumb.jpg', 'https://example.de/azul', 'Azul – Deutsche Ausgabe', 10000, 4, 0, 0, FALSE),
('Azul: Collector s Edition', 2023, 'Con scatola metallica e tessere stondate', 2, 4, 45, 8, "...", 1.9, 7.7, 50, 4000, 300, '.../azul-collector.jpg', '.../azul-collector-thumb.jpg', 'https://nextmove.games/azul/collector', 'Azul Collector s Edition', 6000, 2, 0, 0, FALSE),
('Azul: Spanish Edition', 2021, 'Versione in spagnolo', 2, 4, 45, 8, "...", 1.9, 7.7, 50, 8500, 550, '.../azul-es.jpg', '.../azul-es-thumb.jpg', 'https://example.es/azul', 'Azul Edición Española', 11000, 4, 0, 0, FALSE),
('Pandemic: On the Brink', 2009, 'Nuove modalità e ruoli virali', 2, 4, 60, 8, "...", 2.4, 7.5, 80, 25000, 2000, '.../onthebrink.jpg', '.../onthebrink-thumb.jpg', 'https://www.zmangames.com/en/pandemic/onthebrink', 'Pandemic On the Brink', 50000, 12, 0, 0, FALSE),
('Pandemic: In the Lab', 2013, 'Espansione con laboratorio e obiettivi bonus', 2, 4, 75, 12, "...", 2.6, 7.6, 70, 20000, 1700, '.../inthelab.jpg', '.../inthelab-thumb.jpg', 'https://www.zmangames.com/en/pandemic/inthelab', 'Pandemic In the Lab', 40000, 10, 0, 0, FALSE),
('Pandemic: State of Emergency', 2015, 'Tre epidemie simultanee e card aggiuntive', 2, 5, 60, 8, "...", 2.5, 7.7, 75, 18000, 1500, '.../soe.jpg', '.../soe-thumb.jpg', 'https://www.zmangames.com/en/pandemic/soe', 'Pandemic State of Emergency', 35000, 9, 0, 0, FALSE),
('Pandemic: Legacy Season 1', 2015, 'Campagna legacy con memorie permanenti', 2, 4, 60, 13, "...", 2.7, 8.5, 15, 22000, 2100, '.../legacy1.jpg', '.../legacy1-thumb.jpg', 'https://www.zmangames.com/en/pandemic/legacy1', 'Pandemic Legacy Season 1', 30000, 11, 0, 0, FALSE),
('Pandemic: Legacy Season 2', 2017, 'Continuazione della saga legacy', 2, 4, 60, 13, "...", 2.8, 8.4, 18, 18000, 1600, '.../legacy2.jpg', '.../legacy2-thumb.jpg', 'https://www.zmangames.com/en/pandemic/legacy2', 'Pandemic Legacy Season 2', 25000, 9, 0, 0, FALSE),
('Pandemic: Iberia', 2016, 'Ambientazione storica nella Spagna del 19º secolo', 2, 4, 45, 10, "...", 2.5, 7.8, 60, 15000, 1300, '.../iberia.jpg', '.../iberia-thumb.jpg',  'https://www.zmangames.com/en/pandemic/iberia', 'Pandemic Iberia', 20000, 8, 0, 0, FALSE),
('Pandemic: Italian Edition', 2020, 'Traduzione italiana completa', 2, 4, 60, 8, "...", 2.4, 7.5, 80, 14000, 1200, '.../pandemic-it.jpg', '.../pandemic-it-thumb.jpg', 'https://esempio.it/pandemic', 'Pandemic Edizione Italiana', 17000, 5, 0, 0, FALSE),
('Pandemic: Collector s Edition', 2023, 'Con componenti deluxe e packaging premium', 2, 4, 60, 8, "...", 2.4, 7.5, 80, 7000, 800, '.../pandemic-collector.jpg', '.../pandemic-collector-thumb.jpg', 'https://www.zmangames.com/en/pandemic/collector', 'Pandemic Collector s Edition', 9000, 4, 0, 0, FALSE),
('Catan: Seafarers', 1997, 'Espansione con navi e isole', 3, 4, 120, 10, "...", 2.6, 7.2, 120, 60000, 5000, '.../seafarers.jpg', '.../seafarers-thumb.jpg', 'https://www.catan.com/catan-expansions/seafarers', 'Catan Seafarers', 80000, 13, 0, 0, FALSE),
('Catan: Cities & Knights', 1998, 'Espansione con cavalieri e progresso urbano', 3, 4, 150, 12, "...", 2.9, 7.4, 100, 55000, 4800, '.../cities.jpg', '.../cities-thumb.jpg', 'https://www.catan.com/catan-expansions/cities-knights', 'Catan Cities & Knights', 75000, 12, 0, 0, FALSE),
('Catan: Traders & Barbarians', 2008, 'Modulo espansivo con scenari multipli', 3, 4, 140, 10, "...", 2.7, 7.3, 110, 50000, 4500, '.../traders.jpg', '.../traders-thumb.jpg', 'https://www.catan.com/catan-expansions/traders-barbarians', 'Catan Traders & Barbarians', 70000, 11, 0, 0, FALSE),
('Catan: 3rd Edition', 2015, 'Edizione con grafica rinnovata', 3, 4, 90, 10, "...", 2.6, 7.2, 120, 20000, 2000, '.../catan3.jpg', '.../catan3-thumb.jpg', 'https://www.catan.com/catan/core-game', 'Catan 3rd Edition', 30000, 8, 0, 0, FALSE),
('Catan: Deluxe Edition', 2020, 'Scatola legno, pedine lanciate e gioco magnetico', 3, 4, 90, 10, "...", 2.6, 7.2, 120, 8000, 900, '.../catan-deluxe.jpg', '.../catan-deluxe-thumb.jpg', 'https://www.catan.com/catan/deluxe', 'Catan Deluxe Edition', 12000, 6, 0, 0, FALSE),
('Catan: Italian Edition', 2021, 'Versione italiana rinnovata', 3, 4, 90, 10, "...", 2.6, 7.2, 120, 15000, 1300, '.../catan-it.jpg', '.../catan-it-thumb.jpg', 'https://esempio.it/catan', 'Catan Edizione Italiana', 18000, 5, 0, 0, FALSE),
('Catan: 5th Anniversary Edition', 2024, 'Consegna speciale per 5 anni', 3, 4, 90, 10, "...", 2.6, 7.2, 120, 5000, 600, '.../catan-anniversary.jpg', '.../catan-anniversary-thumb.jpg', 'https://www.catan.com/catan/anniversary', 'Catan 5th Anniversary Edition', 7000, 3, 0, 0, FALSE),
('Catan: German Edition', 2018, 'Versione tedesca', 3, 4, 90, 10, "...", 2.6, 7.2, 120, 10000, 1100, '.../catan-de.jpg', '.../catan-de-thumb.jpg', 'https://example.de/catan', 'Catan – Deutsche Ausgabe', 14000, 4, 0, 0, FALSE),
('Ticket to Ride: Europe', 2005, 'Mappa europea con tunnel e ferries', 2, 5, 60, 8, "...", 1.9, 7.4, 90, 45000, 3500, '.../europe.jpg', '.../europe-thumb.jpg', 'https://www.daysofwonder.com/tickettoride/en/europe/', 'TTR Europe', 60000, 11, 0, 0, FALSE),
('Ticket to Ride: 1910 Expansion', 2011, 'Mappe aggiuntive e carte bonus', 2, 5, 30, 8, "...", 1.8, 7.5, 85, 40000, 3000, '.../1910.jpg', '.../1910-thumb.jpg', 'https://www.daysofwonder.com/tickettoride/en/1910-expansion/', 'TTR 1910', 50000, 10, 0, 0, FALSE),
('Ticket to Ride: Nordic Countries', 2007, 'Mappa nordica per 2–3 giocatori', 2, 3, 50, 8, "...", 1.9, 7.3, 95, 20000, 2500, '.../nordic.jpg', '.../nordic-thumb.jpg', 'https://www.daysofwonder.com/tickettoride/en/nordic/', 'TTR Nordic', 30000, 8, 0, 0, FALSE),
('Ticket to Ride: USA 15th Anniversary', 2021, 'Edizione speciale 15 anni', 2, 5, 60, 8, "...", 1.9, 7.4, 90, 8000, 900, '.../usa15.jpg', '.../usa15-thumb.jpg', 'https://www.daysofwonder.com/tickettoride/en/usa15th/', 'TTR USA 15th Anniversary', 12000, 7, 0, 0, FALSE),
('Ticket to Ride: Nordic Countries – Swedish Version', 2008, 'Versione in svedese', 2, 3, 50, 8, "...", 1.9, 7.3, 95, 5000, 600, '.../nordic-se.jpg', '.../nordic-se-thumb.jpg',  'https://example.se/ttr-nordic', 'TTR Nordic Svenska', 7000, 4, 0, 0, FALSE),
('Ticket to Ride: Europe – Italian Edition', 2006, 'Versione italiana', 2, 5, 60, 8, "...", 1.9, 7.4, 90, 9000, 800, '.../europe-it.jpg', '.../europe-it-thumb.jpg', 'https://example.it/ttr-europe', 'TTR Europe Edizione Italiana', 14000, 5, 0, 0, FALSE),
('Ticket to Ride: Deluxe Edition', 2019, 'Edizione deluxe con componenti upgraded', 2, 5, 60, 8, "...", 1.9, 7.4, 90, 4000, 450, '.../deluxe.jpg', '.../deluxe-thumb.jpg', 'https://www.daysofwonder.com/tickettoride/en/deluxe/', 'TTR Deluxe Edition', 6000, 3, 0, 0, FALSE),
('Ticket to Ride: German Edition', 2015, 'Versione tedesca', 2, 5, 60, 8, "...", 1.9, 7.4, 90, 10000, 1100, '.../ttr-de.jpg', '.../ttr-de-thumb.jpg', 'https://example.de/ttr', 'TTR Deutsche Ausgabe', 13000, 4, 0, 0, FALSE),
('Splendor: Cities of Splendor', 2017, '4 moduli espansivi (Cities, Orient, Trading Posts, The Stronghold)', 2, 4, 30, 10, "...", 1.8, 7.5, 110, 30000, 2400, '.../cities.jpg', '.../cities-thumb.jpg', 'https://boardgamegeek.com/boardgame/241627/cities-splendor', 'Splendor Cities', 35000, 9, 0, 0, FALSE),
('Splendor: Splendor Marvel', 2018, 'Themed su supereroi Marvel', 2, 4, 30, 10, "...", 1.8, 7.3, 130, 25000, 2000, '.../marvel.jpg', '.../marvel-thumb.jpg', 'https://boardgamegeek.com/boardgame/255740/splendor-marvel', 'Splendor Marvel', 30000, 8, 0, 0, FALSE),
('Splendor: Expansion', 2020, 'Extra card per maggiore varietà', 2, 4, 30, 10, "...", 1.8, 7.5, 110, 20000, 1800, '.../extra.jpg', '.../extra-thumb.jpg', 'https://boardgamegeek.com/boardgameexpanded', 'Splendor Extra', 25000, 7, 0, 0, FALSE),
('Splendor: Deluxe Edition', 2019, 'Tessere spesse, organizer in legno', 2, 4, 30, 10, "...", 1.8, 7.5, 110, 8000, 700, '.../splendor-deluxe.jpg', '.../splendor-deluxe-thumb.jpg', 'https://example.com/splendor/deluxe', 'Splendor Deluxe Edition', 12000, 5, 0, 0, FALSE),
('Splendor: Premium Metal Tokens Edition', 2021, 'Gettoni in metallo e scatola premium', 2, 4, 30, 10, "...", 1.8, 7.5, 110, 6000, 500, '.../premium.jpg', '.../premium-thumb.jpg', 'https://example.com/splendor/premium', 'Splendor Premium Metal Tokens', 9000, 4, 0, 0, FALSE),
('Splendor: Italian Edition', 2020, 'Versione italiana', 2, 4, 30, 10, "...", 1.8, 7.5, 110, 9000, 800, '.../splendor-it.jpg', '.../splendor-it-thumb.jpg', 'https://esempio.it/splendor', 'Splendor Edizione Italiana', 14000, 4, 0, 0, FALSE),
('Splendor: Collector s Edition', 2023, 'Carte foil e scatola da collezione', 2, 4, 30, 10, "...", 1.8, 7.5, 110, 4000, 350, '.../splendor-collector.jpg', '.../splendor-collector-thumb.jpg', 'https://example.com/splendor/collector', 'Splendor Collector s Edition', 6000, 3, 0, 0, FALSE),
('Splendor: 5th Anniversary Edition', 2024, 'Art commemorativa di lusso', 2, 4, 30, 10, "...", 1.8, 7.5, 110, 5000, 450, '.../splendor-anniversary.jpg', '.../splendor-anniversary-thumb.jpg', 'https://example.com/splendor/anniversary', 'Splendor 5th Anniversary Edition', 7000, 2, 0, 0, FALSE),
('7 Wonders: Leaders', 2016, 'Carte Leader per poteri speciali', 3, 7, 30, 10, "...", 2.5, 7.8, 60, 40000, 3400, '.../leaders.jpg', '.../leaders-thumb.jpg', 'https://www.rprod.com/7wonders/leaders', '7 Wonders Leaders', 50000, 10, 0, 0, FALSE),
('7 Wonders: Cities', 2017, 'Espansione interattiva con intrighi', 3, 7, 30, 10, "...", 2.6, 7.7, 65, 35000, 3000, '.../cities7w.jpg', '.../cities7w-thumb.jpg', 'https://www.rprod.com/7wonders/cities', '7 Wonders Cities', 45000, 9, 0, 0, FALSE),
('7 Wonders: Armada', 2019, 'Espansione navale e nouvelle governance', 3, 7, 30, 10, "...", 2.6, 7.6, 70, 30000, 2800, '.../armada.jpg', '.../armada-thumb.jpg', 'https://www.rprod.com/7wonders/armada', '7 Wonders Armada', 35000, 8, 0, 0, FALSE),
('7 Wonders: Anniversary Edition', 2024, 'Edizione deluxe per 10º anniversario', 3, 7, 30, 10, "...", 2.6, 7.8, 60, 6000, 700, '.../7w-anniv.jpg', '.../7w-anniv-thumb.jpg', 'https://www.rprod.com/7wonders/anniversary', '7 Wonders Anniversary Edition', 8000, 4, 0, 0, FALSE),
('7 Wonders: Deluxe Edition', 2021, 'Tessere premium e organizer interno', 3, 7, 30, 10, "...", 2.6, 7.8, 60, 9000, 800, '.../7w-deluxe.jpg', '.../7w-deluxe-thumb.jpg', 'https://www.rprod.com/7wonders/deluxe', '7 Wonders Deluxe Edition', 12000, 5, 0, 0, FALSE),
('7 Wonders: German Edition', 2018, 'Versione in tedesco', 3, 7, 30, 10, "...", 2.6, 7.8, 60, 10000, 900, '.../7w-de.jpg', '.../7w-de-thumb.jpg', 'https://example.de/7wonders', '7 Wonders - Deutsche Ausgabe', 13000, 4, 0, 0, FALSE),
('7 Wonders: Italian Edition', 2019, 'Traduzione italiana ufficiale', 3, 7, 30, 10, "...", 2.6, 7.8, 60, 11000, 1000, '.../7w-it.jpg', '.../7w-it-thumb.jpg', 'https://esempio.it/7wonders', '7 Wonders Edizione Italiana', 14000, 5, 0, 0, FALSE),
('7 Wonders: Collector s Edition', 2023, 'Carte foil, miniature e scatola deluxe', 3, 7, 30, 10, "...", 2.6, 7.8, 60, 5000, 600, '.../7w-collector.jpg', '.../7w-collector-thumb.jpg', 'https://www.rprod.com/7wonders/collector', '7 Wonders Collector s Edition', 7000, 3, 0, 0, FALSE),
('Codenames: Deep Undercover', 2017, 'Adult-oriented word pairs', 2, 8, 15, 17, "...", 1.3, 7.2, 150, 20000, 1800, '.../du.jpg', '.../du-thumb.jpg', 'https://czechgames.com/codenames/du', 'Codenames Deep Undercover', 25000, 7, 0, 0, FALSE),
('Codenames: Pictures', 2016, 'Immagini invece di parole', 2, 8, 15, 10, "...", 1.4, 7.3, 140, 18000, 1600, '.../pictures.jpg', '.../pictures-thumb.jpg', 'https://czechgames.com/codenames/pictures', 'Codenames Pictures', 22000, 6, 0, 0, FALSE),
('Codenames: XXL', 2018, 'Cartone grande per gruppi numerosi', 2, 8, 20, 10, "...", 1.3, 7.2, 155, 16000, 1500, '.../xxl.jpg', '.../xxl-thumb.jpg', 'https://czechgames.com/codenames/xxl', 'Codenames XXL', 20000, 5, 0, 0, FALSE),
('Codenames: Duet', 2017, 'Versione cooperativa per due giocatori', 2, 2, 15, 10, "...", 1.3, 7.4, 130, 30000, 2500, '.../duet.jpg', '.../duet-thumb.jpg', 'https://czechgames.com/codenames/duet', 'Codenames Duet', 35000, 9, 0, 0, FALSE),
('Codenames: Deep Undercover XXL', 2018, 'Versione XXL dell espansione adult', 2, 8, 20, 17, "...", 1.3, 7.2, 150, 8000, 800, '.../du-xxl.jpg', '.../du-xxl-thumb.jpg', 'https://czechgames.com/codenames/du-xxl', 'Codename Deep Undercover XXL', 9000, 4, 0, 0, FALSE),
('Codenames: Italian Edition', 2019, 'Testo in italiano', 2, 8, 15, 10, "...", 1.3, 7.2, 150, 12000, 1100, '.../codename-it.jpg', '.../codename-it-thumb.jpg', 'https://esempio.it/codenames', 'Codenames Edizione Italiana', 14000, 5, 0, 0, FALSE),
('Codenames: Spanish Edition', 2020, 'Testo in spagnolo', 2, 8, 15, 10, "...", 1.3, 7.2, 150, 10000, 900, '.../codename-es.jpg', '.../codename-es-thumb.jpg', 'https://example.es/codenames', 'Codenames Edición Española', 13000, 4, 0, 0, FALSE),
('Codenames: Collector s Edition', 2023, 'Packaging rigido, componenti premium', 2, 8, 15, 10, "...", 1.3, 7.2, 150, 5000, 600, '.../codename-collector.jpg', '.../codename-collector-thumb.jpg', 'https://czechgames.com/codenames/collector', 'Codenames Collector s Edition', 7000, 3, 0, 0, FALSE);

INSERT INTO boardgames (name, year_published, small_description, min_players, max_players, playing_time, min_age, description, complexity_rating, average_rating, bgg_ELO, num_ratings, num_comments, image_url, thumbnail_url, official_link, official_link_alt, owners, n_likes, n_expansions, n_versions, is_base_game) VALUES 
('Carcassonne', 2000, 'Place tiles and claim areas to score points.', 2, 5, 45, 7, 'Players draw and place a tile with a piece of southern French landscape on it. The tile might feature a city, a road, a cloister, grassland or some combination thereof, and it must be placed adjacent to tiles that have already been played, in such a way that cities are connected to cities, roads to roads, etcetera.', 1.9, 7.4, 160, 95000, 11000, 'https://www.goblins.net/files/styles/inline_full/public/images/carcassonne-cover.jpg?itok=aIUuux-W', 'https://shared.fastly.steamstatic.com/store_item_assets/steam/apps/598810/capsule_616x353.jpg?t=1741270649', 'https://www.zmangames.com/en/games/carcassonne/', 'Z-Man Games Carcassonne', 200000, 3, 8, 12, TRUE),
('Terraforming Mars', 2016, 'Compete to transform Mars into a habitable planet.', 1, 5, 120, 12, 'In the 2400s, mankind begins to terraform the planet Mars. Giant corporations, sponsored by the World Government on Earth, initiate huge projects to raise the temperature, the oxygen level, and the ocean coverage until the environment is habitable.', 3.25, 8.4, 4, 85000, 9500, 'https://img.dungeondice.it/52909-large_default/terraforming-mars.jpg', 'https://shared.fastly.steamstatic.com/store_item_assets/steam/apps/800270/header.jpg?t=1741270803', 'https://www.fryxgames.se/games/terraforming-mars/', 'FryxGames Terraforming Mars', 150000, 4, 6, 8, TRUE),
('Scythe', 2016, 'Lead your faction to victory in a post-apocalyptic world.', 1, 5, 115, 14, 'Scythe is an engine-building, asymmetric, competitive board game set in an alternate-history 1920s period. It is a time of farming and war, broken hearts and rusted gears, innovation and valor.', 3.42, 8.3, 8, 92000, 10200, 'https://www.ghenosgames.com/wp-content/uploads/products/Flat_Scythe-scaled.jpg', 'https://www.orderofgamers.com/wordpress/wp-content/uploads/2016/06/scythe.jpg', 'https://stonemaiergames.com/games/scythe/', 'Stonemaier Games Scythe', 140000, 5, 4, 6, TRUE),
('Dominion', 2008, 'Build your deck and expand your kingdom in this classic game.', 2, 4, 30, 13, 'In Dominion, each player starts with an identical, very small deck of cards. In the center of the table is a selection of other cards the players can "buy" as they can afford them.', 2.36, 7.6, 140, 110000, 13500, 'https://www.goblins.net/files/styles/zoom/public/images/game/bgg/dominion.jpg?itok=F-ioVvG6', 'https://img.pastemagazine.com/wp-content/uploads/2022/06/21074637/dominion-card-game-main.jpg', 'https://riograndegames.com/games/dominion/', 'Rio Grande Games Dominion', 220000, 3, 13, 8, TRUE),
('Root', 2018, 'An asymmetric game of adventure and war.', 2, 4, 90, 10, 'Root is a game of adventure and war in which 2 to 4 players battle for control of a vast wilderness. The nefarious Marquise de Cat has seized the great woodland, intent on harvesting its riches.', 3.75, 8.0, 25, 65000, 7800, 'https://www.goblins.net/files/styles/zoom/public/images/game/bgg/root.jpg?itok=XJKRtdhg', 'https://cf.geekdo-images.com/JUAUWaVUzeBgzirhZNmHHw__opengraph/img/lnl-mnvbEge_7gtTD-sCxoI5NhY=/0x170:2048x1245/fit-in/1200x630/filters:strip_icc()/pic4254509.jpg', 'https://ledergames.com/products/root-a-game-of-woodland-might-and-right', 'Leder Games Root', 95000, 6, 8, 5, TRUE),
('Spirit Island', 2017, 'Defend your island home from colonial invaders.', 1, 4, 120, 13, 'Spirit Island is a complex and thematic cooperative game about defending your island home from colonizing Invaders. Players are different spirits of the land, each with its own unique elemental powers.', 3.97, 8.3, 18, 48000, 5200, 'https://img.dungeondice.it/49803-large_default/spirit-island.jpg', 'https://cf.geekdo-images.com/kjCm4ZvPjIZxS-mYgSPy1g__opengraph/img/QryNeb0O2AHNe521HAsddL3E8Wg=/0x0:1680x882/fit-in/1200x630/filters:strip_icc()/pic7013651.jpg', 'https://store.greaterthangames.com/spirit-island.html', 'Greater Than Games Spirit Island', 75000, 4, 6, 3, TRUE),
('Pax Pamir (Second Edition)', 2019, 'Influence and control the Afghan empire.', 1, 5, 120, 13, 'In Pax Pamir, players assume the role of nineteenth century Afghan leaders attempting to forge a new state after the collapse of the Durrani Empire.', 3.85, 8.1, 55, 22000, 2800, 'https://www.goblins.net/files/styles/inline_full/public/images/pax-pamir-2nd-cover.jpg?itok=8V-6-0U1', 'https://cdn.tomshw.it/storage/wp/new-images/2020/11/pax-pamir-128901.jpg?width=1260&aspect_ratio=16:9', 'https://wehrlegig.com/products/pax-pamir-second-edition', 'Wehrlegig Games Pax Pamir', 35000, 2, 2, 1, TRUE),
('Heat: Pedal to the Metal', 2022, 'Race cars with real-time decisions and adrenaline.', 1, 6, 60, 10, 'Based on simple and intuitive hand management, Heat: Pedal to the Metal puts players in the drivers seat of intense car races, jockeying for position to cross the finish line first.', 2.75, 8.0, 28, 35000, 4200, 'https://www.uplay.it/storage/309224/conversions/heat-pedal-to-the-metal-foto.webp', 'https://cf.geekdo-images.com/-vOrd4bOspibyohYExLqWg__opengraph/img/MVFAnKPe_CLYCz5pTanfu26NFrg=/0x0:1316x691/fit-in/1200x630/filters:strip_icc()/pic6940449.png', 'https://www.daysofwonder.com/heat/', 'Days of Wonder Heat', 60000, 3, 3, 2, TRUE),
('The Crew: Mission Deep Sea', 2021, 'Cooperative trick-taking in the depths of the ocean.', 2, 5, 20, 10, 'In the trick-taking card game The Crew: Mission Deep Sea, you and the other players work together to search for the lost continent of Mu.', 2.2, 7.8, 75, 42000, 5100, 'https://cf.geekdo-images.com/gPoIYJs3kbkPJi8NB88jhA__opengraph/img/1kw6p53ex9S1OH1KKgJFHWVckAU=/fit-in/1200x630/filters:strip_icc()/pic6873085.png', 'https://cf.geekdo-images.com/98LnQShydr11OBKS46xY-Q__opengraph/img/cvS7N76w8O89KboTaQ9CIx0nVzs=/0x0:1440x756/fit-in/1200x630/filters:strip_icc()/pic5687013.jpg', 'https://www.kosmos.de/spielware/spiele/kartenspiele/the-crew', 'Kosmos The Crew Mission Deep Sea', 80000, 4, 0, 2, TRUE),
('Exploding Kittens', 2015, 'Ask for favors, attack friends- whatever it takes to avoid exploding!', 2, 5, 15, 7, 'Exploding Kittens is a kitty-powered version of Russian Roulette. Players take turns drawing cards until someone draws an exploding kitten and loses the game.', 1.23, 6.2, 650, 135000, 16000, 'https://www.goblins.net/files/styles/zoom/public/exploding-kittens.png?itok=KbsS30iv', 'https://www.nintendo.com/eu/media/images/10_share_images/games_15/nintendo_switch_download_software_1/H2x1_NSwitchDS_ExplodingKittens_image1600w.jpg', 'https://explodingkittens.com/', 'Exploding Kittens Game', 280000, 1, 8, 5, TRUE),
('The Crew', 2019, 'Work together to complete missions in this cooperative trick-taking game.', 3, 5, 20, 10, 'The Crew: The Quest for Planet Nine is a cooperative trick-taking card game. Players work together to complete various missions.', 2.0, 7.6, 125, 62000, 7400, 'https://www.goblins.net/files/styles/zoom/public/images/game/bgg/crew-quest-planet-nine.jpg?itok=UZrLvP1m', 'https://i.ytimg.com/vi/5Na-NltWncA/maxresdefault.jpg','https://store.thamesandkosmos.com/products/the-crew', 'Kosmos The Crew', 110000, 3, 0, 3, TRUE),
('Patchwork', 2014, 'Compete to create the most beautiful quilt in this two-player game.', 2, 2, 30, 8, 'In Patchwork, two players compete to build the most aesthetic (and high-scoring) patchwork quilt on a personal 9x9 game board.', 1.64, 7.6, 165, 82000, 8900, 'https://images.squarespace-cdn.com/content/v1/61c86bfc61ba11700703f07a/1700096865224-UEF15VZC3BIQEDDEOILE/pic2270442.jpg?format=2500w', 'https://cf.geekdo-images.com/RDOwMRBnIb3Ehl6GyXj9xg__opengraph/img/qBR6U9r5b69OKV7Lc47g0Q-clJ8=/0x0:600x315/fit-in/1200x630/filters:strip_icc()/pic8669620.jpg', 'https://lookout-spiele.de/games/patchwork/', 'Lookout Games Patchwork', 180000, 2, 3, 4, TRUE),
('7 Wonders Duel', 2015, 'A two-player version of the classic game, focusing on strategy and civilization building.', 2, 2, 30, 10, '7 Wonders Duel lasts three ages. In each age, players receive seven cards from a particular deck, choose one, and pass the remainder to their opponent.', 2.22, 8.1, 22, 78000, 8200, 'https://www.meeple.it/upload/601_601/7-wonders-duel.jpg', 'https://cf.geekdo-images.com/zdagMskTF7wJBPjX74XsRw__mediacard/img/OTmEfmtsErSd1otMsKfvjDMrNgo=/0x0:720x405/288x162/filters:strip_icc()/pic2576399.jpg', 'https://rprod.com/7-wonders-duel', 'Repos Production 7 Wonders Duel', 145000, 4, 3, 2, TRUE),
('The Castles of Burgundy', 2011, 'Develop your estate through strategic tile placement.', 2, 4, 90, 12, 'The Castles of Burgundy is set in the Burgundy region of High Medieval France. Each player takes on the role of an aristocrat, originally controlling a small princedom.', 3.0, 8.1, 12, 95000, 10500, 'https://cdn.anyfinder.eu/assets/e69eeea5f009fc1ddd02a00e322b8653aedd7473e23b92a1dbf0778a9e867b74', 'https://cf.geekdo-images.com/VrNrk7XVU1hN0j1ZFhjcjw__opengraph/img/XD9GWcTsoQoI054cZVYGhlPp7zo=/0x110:1191x736/fit-in/1200x630/filters:strip_icc()/pic4934938.jpg', 'https://www.alderac.com/castles-of-burgundy/', 'Alderac Entertainment Group', 125000, 3, 5, 3, TRUE),
('Everdell', 2018, 'A city building and worker placement game with woodland creatures.', 1, 4, 80, 13, 'Within the charming valley of Everdell, beneath the boughs of towering trees, among meandering streams and mossy hollows, a civilization of forest critters is thriving and expanding.', 2.86, 7.9, 42, 58000, 6800, 'https://www.goblins.net/files/styles/inline_full/public/images/everdell-cover.jpg?itok=SAQ1igdu', 'https://www.nintendo.com/eu/media/images/10_share_images/games_15/nintendo_switch_download_software_1/2x1_NSwitchDS_Everdell_image1600w.jpg', 'https://starling.games/everdell-game/', 'Starling Games Everdell', 85000, 4, 6, 4, TRUE),
('Pandemic Legacy', 2015, 'A narrative-driven campaign version of Pandemic.', 2, 4, 60, 13, 'Pandemic Legacy is a co-operative campaign game, with an overarching story-arc played through 12-24 sessions, depending on how well your group does at the game.', 2.83, 8.6, 7, 52000, 5900, 'https://www.goblins.net/files/styles/zoom/public/pandemic-legacy-season-1.png?itok=Kl1l3IBZ', 'https://cf.geekdo-images.com/-Qer2BBPG7qGGDu6KcVDIw__opengraph/img/FpOzBnjHMIirKNbZjOD6vxwlQYU=/0x182:899x654/fit-in/1200x630/filters:strip_icc()/pic2452831.png', 'https://zmangames.com/pandemic-legacy/', 'Z-Man Games Pandemic Legacy', 98000, 5, 0, 2, TRUE),
('Cryptid', 2018, 'Use deduction to discover the location of the cryptid.', 3, 5, 50, 10, 'Cryptid is a unique deduction game of honest misdirection in which players must determine the location of the mysterious cryptid.', 2.75, 7.5, 180, 32000, 3600, 'https://m.media-amazon.com/images/I/81Ij5ix7LYL._UF1000,1000_QL80_.jpg', 'https://cf.geekdo-images.com/qrPLpAnhFgc470ZRuXlvbg__opengraph/img/KeYcVzaUzEk8XEr_LOBY-oe1pjk=/0x236:1000x761/fit-in/1200x630/filters:strip_icc()/pic4037705.jpg', 'https://osprey.games/cryptid/', 'Osprey Games Cryptid', 55000, 2, 0, 1, TRUE),
('Colt Super Express', 2014, 'A programmable action game set in the Wild West.', 2, 6, 40, 10, 'On the 11th of July, 1899 at 10 a.m., the Union Pacific Express has left Folsom, New Mexico, with 47 passengers on board. After a few minutes, gunfire and horse galloping noises are heard.', 2.13, 7.1, 320, 48000, 5400, 'https://m.media-amazon.com/images/I/61SEVsQXOML._UF1000,1000_QL80_.jpg', 'https://www.msedizioni.it/wp-content/uploads/2021/03/slider-msedizioni-COLT-EXPRESS.jpg', 'https://ludonaute.fr/portfolio/colt-express/', 'Ludonaute Colt Express', 85000, 3, 6, 3, TRUE),
('Here to Slay', 2020, 'Gather your party and slay monsters in this strategic card game.', 2, 6, 30, 14, 'Here to Slay is a competitive role-playing fantasy strategy card game that combines player vs player gameplay with monster slaying.', 1.95, 6.8, 450, 28000, 3200, 'https://www.balenaludens.it/wp-content/uploads/2021/06/HTSb.jpg', 'https://i.ytimg.com/vi/gsPZoEJyYMM/maxresdefault.jpg', 'https://www.unstablegames.com/here-to-slay', 'Unstable Games Here to Slay', 65000, 1, 2, 1, TRUE),
('Le leggende di Andor', 2012, 'Cooperative fantasy adventure in the kingdom of Andor.', 2, 4, 90, 10, 'Legends of Andor is a cooperative adventure board game for two to four players in which a band of heroes must work together to defend a fantasy realm from invading hordes.', 2.69, 7.1, 285, 35000, 4100, 'https://www.the-forge.it/wp-content/uploads/2020/11/leggende-di-andor-featured.jpg', 'https://i.ytimg.com/vi/kPEH4MzYazU/hq720.jpg?sqp=-oaymwEhCK4FEIIDSFryq4qpAxMIARUAAAAAGAElAADIQj0AgKJD&rs=AOn4CLBjFu8BNzJ0ecEoe23aL6xSolLGuA', 'https://kosmos.de/spielware/spiele/familienspiele/die-legenden-von-andor', 'Kosmos Legends of Andor', 70000, 2, 6, 4, TRUE),
('Akros', 2014, 'Explore and excavate ancient temples on Greek islands.', 2, 2, 45, 13, 'Akros places you in the role of an explorer in Classical Greek times, combing the then-uncharted Aegean sea for lost Minoan temples that have long ago fallen into ruin.', 2.54, 7.2, 365, 18000, 2100, 'https://cf.geekdo-images.com/SWEFgWLWyDE3PI6PAgA14w__itemrep/img/tB9dH7bfni6TyGRaU8CU9AoWbXI=/fit-in/246x300/filters:strip_icc()/pic5252329.png', 'https://cf.geekdo-images.com/SWEFgWLWyDE3PI6PAgA14w__opengraph/img/cCACybzLFGVkfPBhx_uKvq_jV3k=/0x0:627x329/fit-in/1200x630/filters:strip_icc()/pic5252329.png', 'https://zmangames.com/Akros/', 'Z-Man Games Akros', 45000, 1, 0, 1, TRUE),
('Bloodborne: The Board Game', 2021, 'Dive into the dark and challenging world of Bloodborne in this strategic board game.', 1, 4, 90, 14, 'Bloodborne: The Board Game is based on the Chalice Dungeons in the Sony PlayStation 4 Bloodborne video game. Players choose one of seven Hunters and explore the labyrinthine Chalice Dungeon.', 3.1, 7.8, 95, 24000, 2800, 'https://cf.geekdo-images.com/clKFvn2bUUPbY62eSmc-ig__itemrep/img/wVo4koJHfQohXYH98nmnNM2BxSU=/fit-in/246x300/filters:strip_icc()/pic4757839.png', 'https://cf.geekdo-images.com/clKFvn2bUUPby62eSmc-ig__opengraph/img/HgFW_nqwz0hynw4cfsrTZmeY4tA=/0x51:640x387/fit-in/1200x630/filters:strip_icc()/pic4757839.png', 'https://cmon.com/bloodborne', 'CMON Bloodborne', 35000, 2, 3, 2, TRUE),
('Kemet', 2012, 'Control ancient Egyptian armies and summon mythical powers to dominate the battlefield.', 2, 5, 120, 13, 'In Kemet, players each deploy the troops of an Egyptian tribe and use the mystical powers of the gods of ancient Egypt – along with their powerful armies – to score points in glorious battles or through invasion of rich territories.', 2.99, 7.3, 240, 38000, 4300, 'https://cf.geekdo-images.com/RmZjhy7_6REp8IaXh9Zqwg__opengraph/img/eMLc6_NcS9qHkDSxsP1XW2UGKeM=/0x0:1804x947/fit-in/1200x630/filters:strip_icc()/pic3979527.jpg', 'https://cf.geekdo-images.com/RmZjhy7_6REp8IaXh9Zqwg__opengraph/img/eMLc6_NcS9qHkDSxsP1XW2UGKeM=/0x0:1804x947/fit-in/1200x630/filters:strip_icc()/pic3979527.jpg', 'https://www.matagot.com/en/catalog/details/expert-games/1/kemet/454', 'Matagot Kemet', 58000, 3, 4, 2, TRUE),
('Evolversi Male', 2023, 'Evolve the only way you know how: badly!', 3, 6, 45, 12, 'In Evolversi Male, players must guide their species through a chaotic evolutionary process. Make terrible decisions and watch your creatures develop in hilariously unexpected ways.', 2.1, 7.0, 420, 15000, 1800, 'https://www.giochisulnostrotavolo.it/wp-content/uploads/2024/04/pic8159039.jpg', 'https://cf.geekdo-images.com/9MkqsvemLpZElwjZPbyodA__opengraph/img/UpiuABXcgoFsECHiXGLlLVvBkYE=/0x141:2048x1216/fit-in/1200x630/filters:strip_icc()/pic8159039.jpg', 'https://evolversi-male.example.com', 'Evolversi Male Game', 25000, 1, 2, 1, TRUE),
('Intrighi a Corte', 2020, 'Manipulate and outwit your opponents in this game of courtly intrigue.', 3, 5, 60, 14, 'Navigate the treacherous waters of royal court politics. Use secret alliances, blackmail, and cunning to climb the social ladder and eliminate your rivals.', 2.8, 7.2, 310, 22000, 2600, 'https://gugimages.s3.us-east-2.amazonaws.com/wp-content/uploads/2024/07/05084112/courtisansbox-478x900.jpg', 'https://i.ytimg.com/vi/wGALg6g3nHQ/maxresdefault.jpg', 'https://intrighi-corte.example.com', 'Intrighi a Corte Game', 42000, 2, 3, 1, TRUE);


INSERT INTO boardgame_alternative_names (boardgame_id, name) VALUES
(1, 'Sky Team (FR)'),
(1, 'Equipo Cielo'),
(2, 'Flügelschlag'),
(2, 'Ala de Pájaro'),
(3, 'Gloomhaven: Ciudad en la Oscuridad'),
(3, 'Gloomhaven (DE)'),
(4, 'Azul: Il Gioco delle Piastrelle'),
(4, 'Azul (ES)'),
(5, 'Pandemia'),
(5, 'Pandemic (FR)'),
(6, 'Los Colonos de Catán'),
(6, 'Die Siedler von Catan'),
(7, 'Zug um Zug'),
(7, 'Aventureros al Tren'),
(8, 'Splendeur'),
(8, 'Splendor (IT)'),
(9, '7 Wonders: Sette Meraviglie'),
(9, '7 Wonders (FR)'),
(10, 'Codenames: Nome in Codice'),
(10, 'Codenames (DE)'),
(91, 'Carcassonne: Die Burg'),
(91, 'Carcassonne (FR)'),
(92, 'Terraforming Mars: Kolonisierung'),
(92, 'Terraforming Mars (DE)'),
(93, 'Scythe: Segadores de Acero'),
(93, 'Scythe (DE)'),
(94, 'Dominion: Reino'),
(94, 'Dominion (DE)'),
(95, 'Root: Raíz'),
(95, 'Root (DE)'),
(96, 'Spirit Island: Isla Espíritu'),
(96, 'Spirit Island (DE)'),
(97, 'Pax Pamir: Segunda Edición'),
(97, 'Pax Pamir (DE)'),
(98, 'Heat: Pedal al Metal'),
(98, 'Heat (DE)'),
(99, 'The Crew: Misión Aguas Profundas'),
(99, 'The Crew: Mission Tiefsee'),
(100, 'Exploding Kittens: Gatitos Explosivos'),
(100, 'Exploding Kittens (DE)'),
(101, 'The Crew: La Búsqueda del Planeta Nueve'),
(101, 'The Crew (DE)'),
(102, 'Patchwork: Retazos'),
(102, 'Patchwork (DE)'),
(103, '7 Wonders Duel: Duelo'),
(103, '7 Wonders Duel (DE)'),
(104, 'The Castles of Burgundy: Los Castillos de Borgoña'),
(104, 'Die Burgen von Burgund'),
(105, 'Everdell: Valle Eterno'),
(105, 'Everdell (DE)'),
(106, 'Pandemic Legacy: Legado'),
(106, 'Pandemic Legacy (DE)'),
(107, 'Cryptid: Críptido'),
(107, 'Cryptid (DE)'),
(108, 'Colt Express: Expreso Colt'),
(108, 'Colt Express (DE)'),
(109, 'Here to Slay: Aquí para Matar'),
(109, 'Here to Slay (DE)'),
(110, 'Legends of Andor: Leyendas de Andor'),
(110, 'Die Legenden von Andor'),
(111, 'Akros: Akros'),
(111, 'Akros (DE)'),
(112, 'Bloodborne: El Juego de Mesa'),
(112, 'Bloodborne: Das Brettspiel'),
(113, 'Kemet: Kemet'),
(113, 'Kemet (DE)'),
(114, 'Evolversi Male: Evolución Fallida'),
(114, 'Evolversi Male (DE)'),
(115, 'Intrighi a Corte: Intrigas en la Corte'),
(115, 'Intrighi a Corte (DE)');




INSERT INTO awards (name, description) VALUES 
('Spiel des Jahres', 'Game of the Year award in Germany'),
('Kennerspiel des Jahres', 'Connoisseur Game of the Year'),
('Golden Geek Award', 'BoardGameGeek community award'),
('International Gamers Award', 'Award for strategy games'),
('Mensa Select', 'Games approved by Mensa'),
('Diana Jones Award', 'Excellence in gaming'),
('Origins Award', 'Best board game award'),
('Tric Trac dOr', 'French board game award');

INSERT INTO award_boardgame (boardgame_id, award_id, year_won) VALUES 
(1, 1, 2024),
(1, 2, 2024),
(1, 3, 2024),
(2, 2, 2019),
(3, 3, 2017),
(4, 1, 2018),
(5, 1, 2009),
(6, 1, 1995),
(10, 1, 2016),
(91, 1, 2001),
(91, 5, 2000),
(92, 2, 2017),
(92, 3, 2017),
(93, 3, 2016),
(93, 4, 2017),
(94, 1, 2009),
(94, 7, 2008),
(95, 3, 2018),
(95, 4, 2019),
(96, 3, 2017),
(96, 6, 2018),
(97, 4, 2019),
(98, 3, 2022),
(99, 3, 2021),
(100, 6, 2016),
(101, 3, 2019),
(102, 1, 2015),
(103, 2, 2015),
(103, 3, 2016),
(104, 2, 2011),
(104, 4, 2012),
(105, 3, 2018),
(106, 3, 2015),
(106, 6, 2015),
(107, 4, 2018),
(108, 1, 2014),
(108, 7, 2015),
(110, 2, 2012),
(112, 4, 2021),
(113, 3, 2012),
(113, 4, 2013);

INSERT INTO boardgame_tag (boardgame_id, tag_id) VALUES 
(1, 10), (1, 1), (1, 22), 
(1, 12), (1, 47), (1, 51), 
(1, 30), (1, 25), (1, 37), 
(1, 21), (1, 19), (1, 7), 
(1, 36), (1, 39), (1, 40), 
(2, 11), (2, 2), (2, 21), 
(2, 25), (2, 41), (2, 53), 
(3, 1), (3, 3), (3, 20),
(3, 13), (3, 47), (3, 56),
(4, 1), (4, 2), (4, 23), 
(4, 14),  (4, 50), (4, 41), 
(5, 10), (5, 1), (5, 20), 
(5, 12), (5, 41), (5, 53), 
(6, 1), (6, 2),  (6, 17), 
(6, 12), (6, 41), (6, 44), 
(7, 2), (7, 1), (7, 24), 
(7, 25), (7, 41), (7, 44), 
(8, 11), (8, 2), (8, 21), 
(8, 25), (8, 41), (8, 54), 
(9, 8), (9, 1), (9, 24), 
(9, 25), (9, 41), (9, 44), 
(10, 6), (10, 2), (10, 15), 
(10, 41), (10, 54), (10, 53),
(91, 1), (91, 2), (91, 14),
(91, 17), (91, 23), (91, 26),
(91, 33), (91, 39), (91, 40),
(91, 44), (91, 49), (91, 54),
(92, 1), (92, 11), (92, 12),
(92, 17), (92, 21), (92, 29),
(92, 34), (92, 38), (92, 41),
(92, 44), (92, 55), (92, 57),
(93, 1), (93, 3), (93, 4),
(93, 19), (93, 21), (93, 27),
(93, 33), (93, 37), (93, 40),
(93, 45), (93, 56), (93, 57),
(94, 1), (94, 9), (94, 11),
(94, 18), (94, 22), (94, 24),
(94, 34), (94, 35), (94, 39),
(94, 46), (94, 54), (94, 57),
(95, 1), (95, 3), (95, 4),
(95, 19), (95, 21), (95, 27),
(95, 33), (95, 38), (95, 40),
(95, 45), (95, 56), (95, 58),
(96, 1), (96, 11), (96, 13),
(96, 20), (96, 27), (96, 29),
(96, 35), (96, 38), (96, 42),
(96, 47), (96, 52), (96, 53),
(97, 1), (97, 3), (97, 12),
(97, 19), (97, 22), (97, 30),
(97, 33), (97, 37), (97, 40),
(97, 44), (97, 57), (97, 58),
(98, 1), (98, 2), (98, 3),
(98, 22), (98, 31), (98, 32),
(98, 37), (98, 38), (98, 41),
(98, 44), (98, 55), (98, 58),
(99, 9), (99, 11), (99, 15),
(99, 20), (99, 22), (99, 24),
(99, 35), (99, 39), (99, 42),
(99, 52), (99, 53), (99, 54),
(100, 2), (100, 6), (100, 9),
(100, 22), (100, 24), (100, 28),
(100, 37), (100, 39), (100, 42),
(100, 51), (100, 54), (100, 55),
(101, 9), (101, 11), (101, 15),
(101, 20), (101, 22), (101, 24),
(101, 35), (101, 39), (101, 42),
(101, 52), (101, 53), (101, 54),
(102, 1), (102, 2), (102, 14),
(102, 22), (102, 23), (102, 25),
(102, 33), (102, 39), (102, 40),
(102, 44), (102, 49), (102, 54),
(103, 1), (103, 8), (103, 9),
(103, 18), (103, 21), (103, 24),
(103, 34), (103, 35), (103, 39),
(103, 44), (103, 46), (103, 54),
(104, 1), (104, 2), (104, 12),
(104, 17), (104, 23), (104, 25),
(104, 33), (104, 40), (104, 41),
(104, 44), (104, 57), (104, 58),
(105, 1), (105, 2), (105, 11),
(105, 17), (105, 21), (105, 25),
(105, 37), (105, 40), (105, 41),
(105, 44), (105, 49), (105, 58),
(106, 1), (106, 11), (106, 13),
(106, 20), (106, 27), (106, 29),
(106, 35), (106, 42), (106, 48),
(106, 47), (106, 52), (106, 53),
(107, 1), (107, 5), (107, 14),
(107, 19), (107, 22), (107, 26),
(107, 33), (107, 38), (107, 40),
(107, 44), (107, 50), (107, 58),
(108, 1), (108, 3), (108, 6),
(108, 22), (108, 27), (108, 31),
(108, 37), (108, 38), (108, 41),
(108, 45), (108, 51), (108, 58),
(109, 2), (109, 6), (109, 9),
(109, 22), (109, 24), (109, 25),
(109, 35), (109, 39), (109, 42),
(109, 51), (109, 54), (109, 58),
(110, 1), (110, 3), (110, 13),
(110, 20), (110, 27), (110, 29),
(110, 35), (110, 38), (110, 42),
(110, 52), (110, 56), (110, 58),
(111, 1), (111, 5), (111, 13),
(111, 19), (111, 23), (111, 31),
(111, 33), (111, 38), (111, 40),
(111, 44), (111, 50), (111, 58),
(112, 1), (112, 3), (112, 13),
(112, 20), (112, 27), (112, 29),
(112, 35), (112, 38), (112, 42),
(112, 56), (112, 58), (112, 60),
(113, 1), (113, 3), (113, 4),
(113, 19), (113, 21), (113, 30),
(113, 33), (113, 37), (113, 40),
(113, 44), (113, 56), (113, 57),
(114, 2), (114, 6), (114, 9),
(114, 22), (114, 24), (114, 25),
(114, 37), (114, 39), (114, 42),
(114, 51), (114, 54), (114, 55),
(115, 1), (115, 3), (115, 6),
(115, 19), (115, 22), (115, 29),
(115, 35), (115, 37), (115, 40),
(115, 45), (115, 51), (115, 58);


-- INSERT INTO boardgame_user_like (boardgame_id, user_id) VALUES
-- (1, 1),
-- (1, 2),
-- (1, 4),
-- (2, 1),
-- (2, 3),
-- (3, 2),
-- (3, 5),
-- (4, 1),
-- (4, 5),
-- (5, 3),
-- (5, 4),
-- (6, 2),
-- (7, 1),
-- (7, 2),
-- (8, 5),
-- (9, 3),
-- (9, 4),
-- (10, 2),
-- (10, 5),
-- (91, 1),
-- (91, 2),
-- (91, 3),
-- (91, 4),
-- (91, 5),
-- (91, 6),
-- (91, 7),
-- (91, 8),
-- (92, 1),
-- (92, 2),
-- (92, 3),
-- (92, 4),
-- (92, 5),
-- (92, 6),
-- (92, 7),
-- (92, 8),
-- (92, 9),
-- (93, 1),
-- (93, 2),
-- (93, 3),
-- (93, 5),
-- (93, 6),
-- (93, 8),
-- (93, 10),
-- (94, 2),
-- (94, 5),
-- (94, 7),
-- (95, 1),
-- (95, 3),
-- (95, 4),
-- (95, 5),
-- (95, 6),
-- (95, 7),
-- (95, 9),
-- (95, 10),
-- (96, 1),
-- (96, 3),
-- (96, 4),
-- (96, 6),
-- (96, 8),
-- (96, 9),
-- (97, 3),
-- (97, 8),
-- (98, 2),
-- (98, 4),
-- (98, 6),
-- (98, 7),
-- (98, 9),
-- (99, 1),
-- (99, 5),
-- (99, 8),
-- (99, 10),
-- (100, 6),
-- (100, 9),
-- (101, 2),
-- (101, 3),
-- (101, 5),
-- (101, 7),
-- (101, 10),
-- (102, 1),
-- (102, 4),
-- (102, 6),
-- (102, 8),
-- (103, 1),
-- (103, 2),
-- (103, 4),
-- (103, 5),
-- (103, 7),
-- (103, 9),
-- (103, 10),
-- (104, 2),
-- (104, 3),
-- (104, 5),
-- (104, 6),
-- (104, 8),
-- (104, 9),
-- (105, 1),
-- (105, 3),
-- (105, 4),
-- (105, 7),
-- (105, 10),
-- (106, 1),
-- (106, 2),
-- (106, 3),
-- (106, 4),
-- (106, 5),
-- (106, 6),
-- (106, 7),
-- (106, 9),
-- (107, 2),
-- (107, 6),
-- (107, 8),
-- (108, 3),
-- (108, 5),
-- (108, 7),
-- (108, 9),
-- (109, 4),
-- (109, 10),
-- (110, 1),
-- (110, 5),
-- (110, 8),
-- (110, 9),
-- (111, 3),
-- (111, 7),
-- (112, 2),
-- (112, 4),
-- (112, 6),
-- (112, 8),
-- (112, 10),
-- (113, 1),
-- (113, 3),
-- (113, 6),
-- (113, 9),
-- (114, 5),
-- (115, 2),
-- (115, 7),
-- (115, 9);

INSERT INTO boardgame_person_designer (boardgame_id, person_id) VALUES 
(1, 6),
(2, 5),
(3, 4),
(4, 1),
(5, 8),
(6, 2),
(7, 1),
(8, 7),
(9, 7),
(10, 3),
(91, 1),
(92, 4),
(93, 4),
(94, 2),
(95, 3),
(96, 8),
(97, 1),
(98, 7),
(99, 3),
(100, 5),
(101, 3),
(102, 9),
(103, 1),
(104, 10),
(105, 2),
(106, 8),
(107, 6),
(108, 7),
(109, 5),
(110, 9),
(111, 1),
(112, 4),
(113, 2),
(114, 6),
(115, 7);


INSERT INTO boardgame_person_artist (boardgame_id, person_id) VALUES 
(1, 4),
(2, 2),
(3, 2),
(4, 4),
(5, 6),
(6, 9),
(7, 3),
(8, 8),
(9, 7),
(10, 5),
(91, 3),
(92, 5),
(93, 1),
(94, 7),
(95, 4),
(96, 2),
(97, 6),
(98, 8),
(99, 9),
(100, 10),
(101, 1),
(102, 3),
(103, 5),
(104, 7),
(105, 2),
(106, 4),
(107, 6),
(108, 8),
(109, 9),
(110, 10),
(111, 1),
(112, 3),
(113, 5),
(114, 7),
(115, 2);


INSERT INTO boardgame_person_publisher (boardgame_id, person_id) VALUES 
(1, 17),
(2, 11),
(3, 16),
(4, 19),
(5, 14),
(6, 18),
(7, 15),
(8, 16),
(9, 12),
(10, 13),
(91, 12),
(92, 11),
(93, 11),
(94, 12),
(95, 16),
(96, 12),
(97, 14),
(98, 19),
(99, 17),
(100, 13),
(101, 17),
(102, 15),
(103, 13),
(104, 12),
(105, 11),
(106, 12),
(107, 14),
(108, 14),
(109, 13),
(110, 17),
(111, 12),
(112, 16),
(113, 14),
(114, 18),
(115, 19);


INSERT INTO microbadges (name, description, image_url) VALUES 
('Wingspan Fan', 'Love for bird-themed games', 'wingspan_badge.png'),
('Cooperative Player', 'Enjoys working together', 'coop_badge.png'),
('Strategy Master', 'Expert in strategic games', 'strategy_badge.png'),
('Euro Game Enthusiast', 'Prefers European-style games', 'euro_badge.png'),
('Thematic Gamer', 'Loves immersive themes', 'theme_badge.png'),
('Party Game Host', 'Brings people together', 'party_badge.png'),
('Collector', 'Has 100+ games', 'collector_badge.png'),
('Designer Follower', 'Follows favorite designers', 'designer_badge.png');


INSERT INTO user_microbadge (user_id, microbadge_id) VALUES 
(1, 7),
(1, 3),
(2, 1),
(2, 2),
(3, 4),
(3, 3),
(4, 2),
(4, 1),
(5, 5),
(5, 6);


INSERT INTO media_categories (name, description) VALUES 
('Istructional', 'Tutorial'),
('Reviews', 'Game review'),
('Gameplay', 'Actual gameplay footage'),
('Unboxing', 'Unboxing and component overview'),
('Strategy Tips', 'Strategic advice'),
('Variants', 'Game variants and house rules'),
('Trading', 'Buy, sell, and trade games'),
('Top Lists', 'Ranking videos and best-of compilations'),
('Comparison', 'Comparison videos between different games or editions'),
('News', 'Latest board game news');


INSERT INTO media (boardgame_id, title, media_type, description, uri, category_id, uploader_user_id, n_likes, n_comments, language_id, format) VALUES
(1, 'Sky Team Box Art', 'image', 'Official box cover artwork for Sky Team', 'https://cf.geekdo-images.com/1kcR8_y1GHUXRjm-lejTPQ__imagepage/img/2R7GyXzbsB2-LPkiTlmq6m-ZwzU=/fit-in/900x600/filters:no_upscale():strip_icc()/pic8330249.jpg', 2, 1, 45, 5, 1, 'JPG'),
(1, 'Sky Team Dice and Cards', 'image', 'Close-up photo of the custom dice and airport cards', 'https://cf.geekdo-images.com/_oj4rP67hfzfAtyH0Xmk6A__imagepage/img/37cgNJgG3Mg3mNYlt8G0R5dWbMA=/fit-in/900x600/filters:no_upscale():strip_icc()/pic8039211.jpg', 4, 2, 33, 3, 2, 'JPG'),
(1, 'Sky Team Gameplay Action', 'image', 'Players cooperating during an intense landing sequence', 'https://cf.geekdo-images.com/U8lNYz3PParcWemI89-PCw__imagepage/img/gu4b9BJYj5MUq3wILO3_NoWiyRM=/fit-in/900x600/filters:no_upscale():strip_icc()/pic7989380.jpg', 8, 1, 67, 7, 1, 'JPG'),
(2, 'Wingspan Components Photo', 'image', 'High quality photo of all game components', '/images/wingspan_components.jpg', 3, 2, 78, 4, 3, 'PNG'),
(3, 'Gloomhaven Setup', 'image', 'Game board setup for first scenario', '/images/gloomhaven_setup.jpg', 5, 3, 62, 2, 1, 'PNG'),
(1, 'Sky Team Cockpit Closeup', 'image', 'Detailed photo of the cockpit board and dice', 'https://cdn.svc.asmodee.net/production-asmodeeit/uploads/image-converter/2024/03/sky-Team-cont.webp', 7, 2, 30, 2, 1, 'JPG'),
(2, 'Wingspan Bird Cards Spread', 'image', 'A spread of colorful bird cards from Wingspan', 'https://cf.geekdo-images.com/wingspan_birdcards.jpg', 1, 3, 42, 3, 1, 'JPG'),
(3, 'Gloomhaven Miniatures', 'image', 'Painted miniatures from a Gloomhaven campaign', 'https://cf.geekdo-images.com/gloomhaven_minis.jpg', 9, 4, 55, 4, 2, 'PNG'),
(4, 'Azul Mosaic Closeup', 'image', 'Close-up of Azul mosaic tiles in play', 'https://cf.geekdo-images.com/azul_mosaic.jpg', 10, 3, 27, 2, 1, 'JPG'),
(7, 'Ticket to Ride Board Setup', 'image', 'Ticket to Ride board and trains ready for play', 'https://cf.geekdo-images.com/ttr_board.jpg', 6, 5, 19, 1, 2, 'PNG'),
(1, 'Sky Team How to Play', 'video', 'Tutorial: How to play Sky Team', 'https://i.ytimg.com/vi/eUW2IwRa8rY/hq720.jpg?sqp=-oaymwEhCK4FEIIDSFryq4qpAxMIARUAAAAAGAElAADIQj0AgKJD&rs=AOn4CLBD7LgTpHPq1fXTh4srltFCe-gevg', 2, 1, 101, 12, 1, 'MP4'),
(1, 'Sky Team - a gem of a design', 'video', 'Review of Sky Team by BoardGameMaster', 'https://i.ytimg.com/vi/p_BdLWh55-I/hqdefault.jpg', 1, 2, 80, 8, 1, 'AVI'),
(1, 'Sky Team Gameplay', 'video', 'Full gameplay session of Sky Team', 'https://i.ytimg.com/vi/pTp3u15RjPs/maxresdefault.jpg', 3, 3, 60, 6, 6, 'MP4'),
(1, 'Sky Team Designer Insights', 'video', 'Interview with the designer of Sky Team', '/videos/skyteam_designer.mp4', 2, 4, 40, 3, 1, 'AVI'),
(2, 'Wingspan How to Play', 'video', 'Tutorial: How to play Wingspan', '/videos/wingspan_howtoplay.mp4', 10, 1, 120, 10, 1, 'AVI'),
(2, 'Wingspan Review', 'video', 'Wingspan review by EuroGameFan', '/videos/wingspan_review.mp4', 7, 2, 90, 7, 1, 'MP4'),
(2, 'Wingspan Strategy Tips', 'video', 'Strategy tips for Wingspan', '/videos/wingspan_strategy.mp4', 9, 3, 70, 5, 7, 'MP4'),
(2, 'Wingspan Unboxing', 'video', 'Unboxing the Wingspan game', '/videos/wingspan_unboxing.mp4', 3, 4, 50, 2, 1, 'AVI'),
(3, 'Gloomhaven How to Play', 'video', 'Tutorial: How to play Gloomhaven', '/videos/gloomhaven_howtoplay.mp4', 5, 1, 110, 9, 1, 'MP4'),
(3, 'Gloomhaven Review', 'video', 'Gloomhaven review by ThematicGamer', '/videos/gloomhaven_review.mp4', 4, 2, 85, 6, 1, 'AVI'),
(3, 'Gloomhaven Campaign Play', 'video', 'Campaign playthrough of Gloomhaven', '/videos/gloomhaven_campaign.mp4', 3, 3, 65, 4, 8, 'MP4'),
(3, 'Gloomhaven Unboxing', 'video', 'Unboxing the Gloomhaven box', '/videos/gloomhaven_unboxing.mp4', 2, 4, 45, 2, 1, 'AVI'),
(4, 'Azul How to Play', 'video', 'Tutorial: How to play Azul', '/videos/azul_howtoplay.mp4', 7, 1, 95, 7, 1, 'AVI'),
(4, 'Azul Review', 'video', 'Azul review by BoardGameMaster', '/videos/azul_review.mp4', 10, 2, 75, 5, 1, 'MP4'),
(4, 'Azul Strategy Guide', 'video', 'Strategy guide for Azul', '/videos/azul_strategy.mp4', 9, 3, 55, 3, 2, 'MP4'),
(4, 'Azul Expansion Overview', 'video', 'Overview of Azul expansions', '/videos/azul_expansion.mp4', 5, 4, 35, 1, 1, 'MP4'),
(5, 'Pandemic How to Play', 'video', 'Tutorial: How to play Pandemic', '/videos/pandemic_howtoplay.mp4', 1, 1, 130, 11, 1, 'MP4'),
(5, 'Pandemic Review', 'video', 'Pandemic review by CoopPlayer', '/videos/pandemic_review.mp4', 6, 2, 90, 8, 1, 'AVI'),
(5, 'Pandemic Strategy Session', 'video', 'Strategy session for Pandemic', '/videos/pandemic_strategy.mp4', 4, 3, 70, 5, 3, 'AVI'),
(5, 'Pandemic Legacy Comparison', 'video', 'Comparison with Pandemic Legacy', '/videos/pandemic_legacy.mp4', 8, 4, 50, 2, 1, 'MP4'),
(6, 'Catan How to Play', 'video', 'Tutorial: How to play Catan', '/videos/catan_howtoplay.mp4', 8, 1, 140, 13, 1, 'MP4'),
(6, 'Catan Review', 'video', 'Catan review by EuroGameFan', '/videos/catan_review.mp4', 3, 2, 100, 9, 1, 'AVI'),
(6, 'Catan Advanced Strategies', 'video', 'Advanced strategies for Catan', '/videos/catan_strategy.mp4', 1, 3, 80, 6, 4, 'AVI'),
(6, 'Catan Expansion Guide', 'video', 'Guide to Catan expansions', '/videos/catan_expansion.mp4', 4, 4, 60, 3, 1, 'AVI'),
(7, 'Ticket to Ride How to Play', 'video', 'Tutorial: How to play Ticket to Ride', '/videos/ttr_howtoplay.mp4', 9, 1, 110, 8, 1, 'MP4'),
(7, 'Ticket to Ride Review', 'video', 'Ticket to Ride review by BoardGameMaster', '/videos/ttr_review.mp4', 7, 2, 85, 6, 1, 'AVI'),
(7, 'Ticket to Ride Gameplay', 'video', 'Full gameplay session', '/videos/ttr_gameplay.mp4', 2, 3, 65, 4, 5, 'MP4'),
(7, 'Ticket to Ride Map Packs', 'video', 'Overview of map packs', '/videos/ttr_mappacks.mp4', 10, 4, 45, 2, 1, 'AVI'),
(8, 'Splendor How to Play', 'video', 'Tutorial: How to play Splendor', '/videos/splendor_howtoplay.mp4', 6, 1, 90, 7, 1, 'MP4'),
(8, 'Splendor Review', 'video', 'Splendor review by ThematicGamer', '/videos/splendor_review.mp4', 5, 2, 70, 5, 1, 'AVI'),
(8, 'Splendor Strategy Tips', 'video', 'Strategy tips for Splendor', '/videos/splendor_strategy.mp4', 2, 3, 50, 3, 6, 'MP4'),
(8, 'Splendor Expansion Overview', 'video', 'Overview of Splendor expansions', '/videos/splendor_expansion.mp4', 1, 4, 30, 1, 1, 'MP4'),
(9, '7 Wonders How to Play', 'video', 'Tutorial: How to play 7 Wonders', '/videos/7wonders_howtoplay.mp4', 9, 1, 115, 10, 1, 'MP4'),
(9, '7 Wonders Review', 'video', '7 Wonders review by BoardGameMaster', '/videos/7wonders_review.mp4', 7, 2, 95, 7, 1, 'MP4'),
(9, '7 Wonders Strategy Guide', 'video', 'Strategy guide for 7 Wonders', '/videos/7wonders_strategy.mp4', 5, 3, 75, 5, 7, 'AVI'),
(9, '7 Wonders Duel Comparison', 'video', 'Comparison with 7 Wonders Duel', '/videos/7wonders_duel.mp4', 3, 4, 55, 2, 1, 'AVI'),
(10, 'Codenames How to Play', 'video', 'Tutorial: How to play Codenames', '/videos/codenames_howtoplay.mp4', 6, 1, 105, 8, 1, 'AVI'),
(10, 'Codenames Review', 'video', 'Codenames review by GamerGirl42', '/videos/codenames_review.mp4', 10, 2, 88, 6, 1, 'MP4'),
(10, 'Codenames Party Play', 'video', 'Party play session of Codenames', '/videos/codenames_party.mp4', 8, 3, 68, 4, 8, 'MP4'),
(10, 'Codenames Variants', 'video', 'Different variants of Codenames', '/videos/codenames_variants.mp4', 4, 4, 48, 2, 1, 'MP4'),
(1, 'Sky Team First Impressions', 'forum', 'Review after first few plays of Sky Team', 'ds', 2, 2, 34, 4, 1, NULL),
(1, 'Is Sky Team Worth It?', 'forum', 'A detailed review of Sky Teams mechanics and theme', 'https://example.com/review_sky2', 7, 3, 45, 10, 1, NULL),
(1, 'Sky Team: Best 2-Player Co-op?', 'forum', 'Exploring Sky Teams potential in the co-op genre', 'https://example.com/review_sky3', 1, 4, 50, 7, 1, NULL),
(1, 'Sky Team - Deep Dive Review', 'forum', 'Complete gameplay breakdown and review', 'https://example.com/review_sky4', 5, 3, 62, 8, 1, NULL),
(1, 'Landing in Montreal: Review', 'forum', 'Review focused on Montreal scenario', 'https://example.com/review_sky5', 4, 2, 30, 3, 1, NULL),
(1, 'Sky Team Expansion Thoughts', 'forum', 'Speculative review of possible expansions', 'https://example.com/review_sky6', 8, 4, 25, 2, 1, NULL),
(1, 'Sky Team Rule Question', 'forum', 'Is dice placement optional for landing gear?', 'https://example.com/rules_sky1', 10, 7, 15, 5, 1, NULL),
(1, 'Sky Team Session Report: Tokyo Landing', 'forum', 'Report of a successful Tokyo scenario game', 'https://example.com/session_sky1', 3, 8, 20, 3, 1, NULL),
(1, 'Sky Team Strategy: Gear Timing', 'forum', 'Tips on timing gear and flaps optimally', 'https://example.com/strategy_sky1', 6, 9, 28, 6, 1, NULL),
(1, 'Sky Team Variants', 'forum', 'Optional rule variants for harder difficulty', 'https://example.com/variants_sky1', 9, 9, 22, 1, 1, NULL),
(2, 'Wingspan Review: A Birdwatchers Dream', 'forum', 'Detailed thoughts on Wingspans art and gameplay', 'https://example.com/review_wings1', 7, 8, 120, 15, 1, NULL),
(2, 'Is Wingspan Overrated?', 'forum', 'Critical review discussing flaws', 'https://example.com/review_wings2', 1, 4, 85, 20, 1, NULL),
(2, 'Wingspan Solo Mode Review', 'forum', 'Playing Wingspan solo - a thorough review', 'https://example.com/review_wings3', 8, 6, 95, 12, 1, NULL),
(2, 'Wingspan Expansion Review: Oceania', 'forum', 'Is the Oceania expansion worth it?', 'https://example.com/review_wings4', 6, 5, 105, 18, 1, NULL),
(2, 'Wingspan - Game Mechanics Explained', 'forum', 'A gameplay-focused review on mechanics', 'https://example.com/review_wings5', 3, 7, 90, 10, 1, NULL),
(2, 'Wingspan Review for Families', 'forum', 'Is this game good for casual players and families?', 'https://example.com/review_wings6', 4, 7, 78, 7, 1, NULL),
(2, 'Rules Clarification: Tuck Cards', 'forum', 'Clarifying bird tuck abilities', 'https://example.com/rules_wings1', 2, 6, 40, 3, 1, NULL),
(2, 'Strategy: Forest vs Wetland Focus', 'forum', 'Which habitat should you prioritize?', 'https://example.com/strategy_wings1', 10, 3, 58, 6, 1, NULL),
(2, 'Session Report: High Score Attempt', 'forum', 'Shared my 102-point solo game session', 'https://example.com/session_wings1', 5, 8, 50, 2, 1, NULL),
(2, 'Variants: House Rules with 6 Players', 'forum', 'Our tweaks to allow more players', 'https://example.com/variants_wings1', 9, 5, 33, 4, 1, NULL),
(3, 'Gloomhaven Review: A Legacy Game Masterpiece', 'forum', 'Comprehensive look at Gloomhaven', 'https://example.com/review_gh1', 8, 1, 210, 25, 1, NULL),
(3, 'Gloomhaven Campaign: 30 Hours In', 'forum', 'Long-term impressions review', 'https://example.com/review_gh2', 9, 5, 190, 20, 1, NULL),
(3, 'Gloomhaven Class Mechanics Review', 'forum', 'Class variety and playstyle breakdown', 'https://example.com/review_gh3', 7, 2, 170, 15, 1, NULL),
(3, 'Gloomhaven Solo Experience', 'forum', 'Is it fun to play alone?', 'https://example.com/review_gh4', 10, 3, 160, 13, 1, NULL),
(3, 'Gloomhaven: Is the Hype Real?', 'forum', 'Critical analysis of gameplay depth', 'https://example.com/review_gh5', 1, 2, 185, 18, 1, NULL),
(3, 'Gloomhaven Expansion Review', 'forum', 'Thoughts on Forgotten Circles', 'https://example.com/review_gh6', 2, 9, 175, 12, 1, NULL),
(3, 'Rules Question: Exhaustion Mechanic', 'forum', 'Clarifying the rules on exhaustion', 'https://example.com/rules_gh1', 6, 2, 70, 5, 1, NULL),
(3, 'Session Report: The Ruinous Crypt', 'forum', 'Toughest mission so far', 'https://example.com/session_gh1', 3, 5, 95, 7, 1, NULL),
(3, 'Strategy Talk: Crowd Control Builds', 'forum', 'Best support class strategies', 'https://example.com/strategy_gh1', 5, 3, 110, 8, 1, NULL),
(3, 'Variants: Permadeath Mode', 'forum', 'Our groups variant for added tension', 'https://example.com/variants_gh1', 4, 7, 60, 3, 1, NULL),
(4, 'Azul Review: Elegant Simplicity', 'forum', 'Review on Azuls mechanics and aesthetics', 'https://example.com/review_azul1', 7, 2, 140, 10, 1, NULL),
(4, 'Azul: Family Favorite?', 'forum', 'Casual playability review', 'https://example.com/review_azul2', 1, 1, 125, 9, 1, NULL),
(4, 'Azul: Strategy vs Luck Review', 'forum', 'Analyzing depth and randomness', 'https://example.com/review_azul3', 8, 1, 130, 11, 1, NULL),
(4, 'Azul Components & Replay Value', 'forum', 'Focus on production and longevity', 'https://example.com/review_azul4', 3, 1, 120, 8, 1, NULL),
(4, 'Azul Expansion Review: Crystal Mosaic', 'forum', 'Reviewing the tile overlays', 'https://example.com/review_azul5', 6, 3, 95, 6, 1, NULL),
(4, 'Azul: Competitive Play Review', 'forum', 'High-level match insights', 'https://example.com/review_azul6', 4, 8, 100, 7, 1, NULL),
(4, 'Azul Rules Clarification: Factory Drafting', 'forum', 'Clarification on early drafting', 'https://example.com/rules_azul1', 2, 5, 45, 2, 1, NULL),
(4, 'Strategy Tips: Center Tile Traps', 'forum', 'When to take a penalty for advantage', 'https://example.com/strategy_azul1', 5, 7, 60, 4, 1, NULL),
(4, 'Azul Session Report: 2-Player Duel', 'forum', 'Fun match with house scoring variant', 'https://example.com/session_azul1', 10, 5, 70, 3, 1, NULL),
(4, 'Azul Variant: Draft Row Instead of Factory', 'forum', 'Home rule exploration', 'https://example.com/variants_azul1', 9, 7, 55, 2, 1, NULL),
(5, 'Pandemic Review: Tense Cooperative Play', 'forum', 'Review of base game tension and balance', 'https://example.com/review_pandemic1', 8, 5, 130, 15, 1, NULL),
(5, 'Pandemic: Still Relevant Today?', 'forum', 'Modern perspective on gameplay', 'https://example.com/review_pandemic2', 7, 2, 100, 12, 1, NULL),
(5, 'Pandemic Legacy Review', 'forum', 'Thoughts on Season 1 and 2', 'https://example.com/review_pandemic3', 1, 3, 160, 20, 1, NULL),
(5, 'Pandemic Thematic Review', 'forum', 'How theme integrates with gameplay', 'https://example.com/review_pandemic4', 9, 3, 85, 6, 1, NULL),
(5, 'Best Pandemic Expansion?', 'forum', 'Comparing expansions', 'https://example.com/review_pandemic5', 3, 9, 115, 9, 1, NULL),
(5, 'Is Pandemic Good for Beginners?', 'forum', 'Accessibility review', 'https://example.com/review_pandemic6', 4, 9, 78, 5, 1, NULL),
(5, 'Strategy Tips: Medic Efficiency', 'forum', 'How to maximize the Medics power', 'https://example.com/strategy_pandemic1', 5, 4, 90, 4, 1, NULL),
(5, 'Rules Question: Outbreak Chain Reaction', 'forum', 'Clarifying spread rules', 'https://example.com/rules_pandemic1', 6, 4, 45, 2, 1, NULL),
(5, 'Pandemic Session Report: Solo with 4 Roles', 'forum', 'Challenging but fun!', 'https://example.com/session_pandemic1', 2, 4, 60, 4, 1, NULL),
(5, 'Variants: Hard Mode - No Event Cards', 'forum', 'Increasing difficulty with simple rule tweak', 'https://example.com/variants_pandemic1', 10, 6, 55, 3, 1, NULL),
(6, 'Catan Review: The Classic Trade Game', 'forum', 'Why Catan remains a gateway game favorite', 'https://example.com/review_catan1', 10, 3, 250, 30, 1, NULL),
(6, 'Catan Strategy Deep Dive', 'forum', 'Advanced tips for trading and expansion', 'https://example.com/review_catan2', 7, 9, 20, 25, 1, NULL),
(6, 'Catan: Is It Still Fresh After Years?', 'forum', 'Reviewing replayability after thousands of plays', 'https://example.com/review_catan3', 2, 8, 110, 20, 1, NULL),
(6, 'Catan Expansion Reviews', 'forum', 'Which expansions are worth buying?', 'https://example.com/review_catan4', 8, 5, 190, 18, 1, NULL),
(6, 'Catan Family Play Review', 'forum', 'Fun for kids and adults alike', 'https://example.com/review_catan5', 4, 6, 180, 17, 1, NULL),
(6, 'Catan Competitive Play Insights', 'forum', 'Tournament level strategies', 'https://example.com/review_catan6', 6, 9, 100, 22, 1, NULL),
(6, 'Rules Clarification: Trading Timing', 'forum', 'When and how to trade during turns', 'https://example.com/rules_catan1', 3, 5, 55, 5, 1, NULL),
(6, 'Session Report: Epic 5-Player Game', 'forum', 'Long and intense match with friends', 'https://example.com/session_catan1', 1, 1, 80, 6, 1, NULL),
(6, 'Variant: No Robber Rule', 'forum', 'House rule that changes gameplay dynamic', 'https://example.com/variants_catan1', 5, 9, 70, 4, 1, NULL),
(6, 'Strategy Discussion: Optimal Settlement Placement', 'forum', 'Best spots for expansion', 'https://example.com/strategy_catan1', 9, 4, 90, 7, 1, NULL),
(7, 'Ticket to Ride Review: A Rail Adventure', 'forum', 'Why Ticket to Ride appeals to casual and serious gamers', 'https://example.com/review_ttr1', 7, 4, 110, 22, 1, NULL),
(7, 'Ticket to Ride Strategy for Beginners', 'forum', 'How to start winning early', 'https://example.com/review_ttr2', 5, 5, 190, 20, 1, NULL),
(7, 'Ticket to Ride Europe vs USA Review', 'forum', 'Differences and preferences', 'https://example.com/review_ttr3', 3, 6, 180, 19, 1, NULL),
(7, 'Ticket to Ride Expansion Reviews', 'forum', 'Best maps to buy', 'https://example.com/review_ttr4', 1, 6, 160, 15, 1, NULL),
(7, 'Family Fun: Ticket to Ride', 'forum', 'Why its great for all ages', 'https://example.com/review_ttr5', 9, 8, 140, 13, 1, NULL),
(7, 'Ticket to Ride Competitive Play', 'forum', 'High-level tips and tricks', 'https://example.com/review_ttr6', 8, 5, 230, 24, 1, NULL),
(7, 'Rules Questions: Destination Tickets', 'forum', 'Clarifying rules on route completion', 'https://example.com/rules_ttr1', 6, 1, 50, 4, 1, NULL),
(7, 'Session Report: 5 Player Epic Game', 'forum', 'Longest game with friends', 'https://example.com/session_ttr1', 10, 7, 75, 6, 1, NULL),
(7, 'Variant: Double Cards Draft', 'forum', 'Home variant to speed up turns', 'https://example.com/variants_ttr1', 4, 9, 65, 3, 1, NULL),
(7, 'Strategy Discussion: Blocking Opponents', 'forum', 'How to use blocking effectively', 'https://example.com/strategy_ttr1', 2, 4, 85, 7, 1, NULL),
(8, 'Splendor Review: Quick and Strategic', 'forum', 'Why Splendor is easy to learn but hard to master', 'https://example.com/review_splendor1', 1, 8, 160, 15, 1, NULL),
(8, 'Splendor Solo Mode Review', 'forum', 'Playing alone tips and enjoyment', 'https://example.com/review_splendor2', 7, 1, 150, 14, 1, NULL),
(8, 'Splendor Expansion: Cities Review', 'forum', 'How expansions change gameplay', 'https://example.com/review_splendor3', 3, 6, 130, 12, 1, NULL),
(8, 'Family Fun with Splendor', 'forum', 'Why its great for casual groups', 'https://example.com/review_splendor4', 6, 2, 140, 13, 1, NULL),
(8, 'Splendor Competitive Play Review', 'forum', 'Tips for winning in tournaments', 'https://example.com/review_splendor5', 4, 2, 170, 18, 1, NULL),
(8, 'Splendor Strategy: Chip Management', 'forum', 'Optimizing gem acquisition', 'https://example.com/review_splendor6', 9, 8, 180, 19, 1, NULL),
(8, 'Rules Question: Noble Tiles Timing', 'forum', 'Clarifying when nobles are scored', 'https://example.com/rules_splendor1', 8, 9, 55, 3, 1, NULL),
(8, 'Session Report: 4 Player Game', 'forum', 'Fast-paced session with friends', 'https://example.com/session_splendor1', 10, 5, 70, 5, 1, NULL),
(8, 'Variant: Random Noble Setup', 'forum', 'Adding variety to the game', 'https://example.com/variants_splendor1', 2, 6, 65, 4, 1, NULL),
(8, 'Strategy Discussion: Timing Purchases', 'forum', 'When to buy cards for max effect', 'https://example.com/strategy_splendor1', 5, 1, 90, 6, 1, NULL),
(9, '7 Wonders Review: Civilizations in Cards', 'forum', 'Overview of game flow and depth', 'https://example.com/review_7wonders1', 5, 1, 200, 22, 1, NULL),
(9, '7 Wonders Duel vs Base Game Review', 'forum', 'Comparing the two versions', 'https://example.com/review_7wonders2', 2, 1, 180, 19, 1, NULL),
(9, '7 Wonders Strategy: Military Focus', 'forum', 'Winning with a military build', 'https://example.com/review_7wonders3', 1, 8, 170, 18, 1, NULL),
(9, '7 Wonders Expansions Review', 'forum', 'Leaders, Cities, and more', 'https://example.com/review_7wonders4', 7, 2, 160, 15, 1, NULL),
(9, '7 Wonders Family Game Review', 'forum', 'Accessibility and fun for all ages', 'https://example.com/review_7wonders5', 3, 2, 150, 14, 1, NULL),
(9, '7 Wonders Advanced Strategy Review', 'forum', 'Expert level play and tactics', 'https://example.com/review_7wonders6', 9, 6, 210, 25, 1, NULL),
(9, 'Rules Question: Science Scoring', 'forum', 'Clarifying science card combos', 'https://example.com/rules_7wonders1', 4, 2, 60, 5, 1, NULL),
(9, 'Session Report: 7 Player Chaos', 'forum', 'High player count dynamics', 'https://example.com/session_7wonders1', 6, 7, 85, 7, 1, NULL),
(9, 'Variants: Quick Play Mode', 'forum', 'Faster game for short sessions', 'https://example.com/variants_7wonders1', 8, 4, 70, 4, 1, NULL),
(9, 'Strategy Discussion: Card Drafting Patterns', 'forum', 'How to pick cards effectively', 'https://example.com/strategy_7wonders1', 10, 5, 95, 8, 1, NULL),
(10, 'Codenames Review: Party Game Classic', 'forum', 'Why Codenames is great for groups', 'https://example.com/review_codenames1', 8, 5, 130, 27, 1, NULL),
(10, 'Codenames: Best Word Strategies', 'forum', 'Winning tactics for spymasters', 'https://example.com/review_codenames2', 4, 6, 210, 25, 1, NULL),
(10, 'Codenames Variants and House Rules', 'forum', 'Fun twists on the original game', 'https://example.com/review_codenames3', 6, 8, 190, 20, 1, NULL),
(10, 'Codenames Review: Accessibility', 'forum', 'Easy to learn, hard to master', 'https://example.com/review_codenames4', 3, 7, 180, 18, 1, NULL),
(10, 'Codenames Online Play Review', 'forum', 'Experience of playing digitally', 'https://example.com/review_codenames5', 10, 7, 170, 17, 1, NULL),
(10, 'Codenames for Families Review', 'forum', 'Great game for kids and adults', 'https://example.com/review_codenames6', 9, 2, 160, 15, 1, NULL),
(10, 'Rules Question: Assassin Word', 'forum', 'Clarifying game-ending conditions', 'https://example.com/rules_codenames1', 7, 2, 55, 3, 1, NULL),
(10, 'Session Report: 8 Player Match', 'forum', 'Fun chaotic session', 'https://example.com/session_codenames1', 2, 8, 80, 6, 1, NULL),
(10, 'Strategy Discussion: Clue Construction', 'forum', 'How to give effective clues', 'https://example.com/strategy_codenames1', 1, 9, 85, 7, 1, NULL),
(10, 'Variants: Time Attack Mode', 'forum', 'Fast-paced variant', 'https://example.com/variants_codenames1', 5, 1, 60, 4, 1, NULL),
(1, 'Sky Team Gameplay Overview', 'file', 'Overview of the basic rules and objectives.', '/media/skyteam/overview_en.pdf', 1, 3, 25, 3, 1, 'PDF'),
(1, 'Atterraggio a Tokyo', 'file', 'Simulazione dell atterraggio a Tokyo.', '/media/skyteam/landing_tokyo_it.pdf', 7, 5, 10, 1, 5, 'PDF'),
(1, 'Guide de jeu Sky Team', 'file', 'Guide vidéo du jeu en français.', '/media/skyteam/guide_fr.pdf', 9, 2, 12, 2, 2, 'PDF'),
(1, 'Sky Team Tips & Tricks', 'file', 'Advanced strategies to master the skies.', '/media/skyteam/tips_en.pdf', 5, 8, 30, 4, 1, 'PDF'),
(1, 'Gameplay cooperativo', 'file', 'Giocatori italiani spiegano le dinamiche cooperative.', '/media/skyteam/cooperative_it.pdf', 8, 4, 6, 0, 5, 'DOCX'),
(1, 'Sky Team プレイ動画', 'file', '日本語でのゲームプレイ解説。', '/media/skyteam/japan_ja.pdf', 4, 7, 8, 1, 8, 'DOCX'),
(1, 'Sky Team Impressions', 'file', 'First impressions by a new player.', '/media/skyteam/impressions_en.pdf', 3, 1, 14, 0, 1, 'PDF'),
(1, 'Control Tower Comms', 'file', 'Roleplay with audio simulation of control tower.', '/media/skyteam/comms_en.mp3', 10, 10, 5, 0, 1, 'PDF'),
(1, 'Sky Team Regeln erklärt', 'file', 'Kurze Einführung auf Deutsch.', '/media/skyteam/regeln_de.png', 2, 9, 3, 1, 3, 'PDF'),
(1, 'Turbulence Demo', 'file', 'Demonstration of turbulence mechanic.', '/media/skyteam/turbulence_en.pdf', 6, 6, 18, 3, 1, 'PDF'),
(2, 'Wingspan: How to Play', 'file', 'Comprehensive rule walkthrough.', '/media/wingspan/howtoplay_en.pdf', 9, 1, 40, 5, 1, 'PDF'),
(2, 'Estrategia en Wingspan', 'file', 'Consejos para mejorar en el juego.', '/media/wingspan/estrategia_es.pdf', 4, 4, 15, 1, 4, 'PDF'),
(2, 'Wingspan Bird Cards Explained', 'file', 'Deep dive into card combos.', '/media/wingspan/cards_en.pdf', 2, 5, 22, 2, 1, 'PDF'),
(2, 'Astuces pour Wingspan', 'file', 'Conseils avancés pour les joueurs expérimentés.', '/media/wingspan/astuces_fr.pdf', 10, 6, 8, 0, 2, 'PDF'),
(2, 'Wingspan プレイ動画', 'file', '日本語でプレイの様子。', '/media/wingspan/gameplay_ja.pdf', 5, 3, 11, 1, 8, 'PDF'),
(2, 'Wingspan Strategie', 'file', 'Strategische Überlegungen auf Deutsch.', '/media/wingspan/strategie_de.pdf', 7, 8, 9, 2, 3, 'PDF'),
(2, 'Top 10 Birds in Wingspan', 'file', 'Fan ranking of the most powerful birds.', '/media/wingspan/top10_en.pdf', 6, 7, 30, 6, 1, 'DOCX'),
(2, 'Wingspan Solo Mode', 'file', 'Explanation and gameplay of solo version.', '/media/wingspan/solo_en.pdf', 3, 2, 18, 2, 1, 'PDF'),
(2, 'Regole Wingspan', 'file', 'Spiegazione in italiano delle regole.', '/media/wingspan/regole_it.png', 8, 9, 7, 1, 5, 'PDF'),
(2, 'Birdwatching Fun!', 'file', 'A fun thematic trailer.', '/media/wingspan/fun_en.pdf', 1, 10, 13, 0, 1, 'PDF'),
(3, 'Gloomhaven Intro & Setup', 'file', 'Setup walkthrough and game components.', '/media/gloomhaven/intro_en.pdf', 7, 2, 35, 6, 1, 'DOCX'),
(3, 'Tactical Combat Tips', 'file', 'Strategie avanzate per il combattimento.', '/media/gloomhaven/combat_tips_it.pdf', 8, 5, 18, 2, 5, 'PDF'),
(3, 'Gloomhaven Regeln erklärt', 'file', 'Deutsche Regelerklärung.', '/media/gloomhaven/regeln_de.pdf', 1, 9, 12, 1, 3, 'PDF'),
(3, 'Advanced Character Builds', 'file', 'Combos e sinergie.', '/media/gloomhaven/adv_builds_en.pdf', 3, 4, 22, 3, 1, 'PDF'),
(3, 'Gloomhaven Explicación en Español', 'file', 'Explicación de las reglas.', '/media/gloomhaven/explicacion_es.pdf', 6, 7, 14, 0, 4, 'PDF'),
(3, 'Playing with Mods', 'file', 'Uso delle modifiche fan-made.', '/media/gloomhaven/mods_it.pdf', 5, 1, 9, 0, 5, 'PDF'),
(3, 'Gloomhaven プレイ解説', 'file', '日本語での解説動画。', '/media/gloomhaven/japan_ja.pdf', 4, 6, 11, 2, 8, 'PDF'),
(3, 'Campaign Highlights', 'file', 'Clips from a full campaign.', '/media/gloomhaven/campaign_en.pdf', 2, 8, 27, 4, 1, 'PDF'),
(3, 'Beginner Mistakes', 'file', 'Common errors to avoid.', '/media/gloomhaven/mistakes_en.pdf', 9, 3, 16, 3, 1, 'PDF'),
(3, 'Gloomhaven Strategie Avanzata', 'file', 'Strategie approfondite per giocatori esperti.', '/media/gloomhaven/strategy_adv_it.pdf', 10, 10, 8, 1, 5, 'DOCX'),
(4, 'Azul Tutorial', 'file', 'How to play Azul step by step.', '/media/azul/tutorial_en.pdf', 2, 1, 30, 4, 1, 'PDF'),
(4, 'Conceptos básicos de Azul', 'file', 'Reglas básicas en español.', '/media/azul/basicos_es.png', 6, 3, 12, 1, 4, 'PDF'),
(4, 'Azul : stratégie avancée', 'file', 'Conseils pour bien scorer.', '/media/azul/strategie_fr.pdf', 8, 6, 9, 2, 2, 'PDF'),
(4, 'Azul Setup Übersicht', 'file', 'Übersicht Aufbau und Material.', '/media/azul/setup_de.pdf', 3, 9, 7, 1, 3, 'PDF'),
(4, 'Azul Playthrough', 'file', 'Full game playthrough.', '/media/azul/playthrough_en.pdf', 9, 8, 20, 5, 1, 'PDF'),
(4, 'Scoring Strategies', 'file', 'Tipps für hohe Punkte.', '/media/azul/scoring_en.pdf', 5, 5, 15, 2, 1, 'DOCX'),
(4, 'Azul vari anti-falso', 'file', 'Strategie avanzate.', '/media/azul/varie_it.pdf', 10, 4, 10, 1, 5, 'PDF'),
(4, 'Azul プレイ映像', 'file', '日本語による実演。', '/media/azul/japan_ja.pdf', 7, 7, 13, 0, 8, 'PDF'),
(4, 'Azulejos y Origenes', 'file', 'Breve historia dei piastrelle', '/media/azul/history_en.png', 1, 2, 8, 3, 1, 'PDF'),
(4, 'Azul Commentary', 'file', 'Commentary durante il gioco avanzato.', '/media/azul/commentary_it.pdf', 4, 10, 6, 1, 5, 'PDF'),
(5, 'Pandemic Introduction', 'file', 'Overview and setup.', '/media/pandemic/intro_en.png', 3, 2, 45, 7, 1, 'PDF'),
(5, 'Pandemic Regeln auf Deutsch', 'file', 'Regelerklärung auf Deutsch.', '/media/pandemic/regeln_de.pdf', 1, 9, 13, 1, 3, 'DOCX'),
(5, 'Pandemic Strategie avanzada', 'file', 'Consejos avanzados en español.', '/media/pandemic/estrategia_es.pdf', 9, 4, 17, 2, 4, 'PDF'),
(5, 'How to win Pandemic', 'file', 'Strategie di squadra.', '/media/pandemic/win_en.png', 4, 5, 20, 4, 1, 'PDF'),
(5, 'Pandemic プレイ解説', 'file', '日本語で解説付き。', '/media/pandemic/japan_ja.pdf', 7, 6, 12, 0, 8, 'PDF'),
(5, 'Pandemic: Idee cooperative', 'file', 'Suggerimenti cooperativi in italiano.', '/media/pandemic/idee_it.pdf', 6, 1, 9, 2, 5, 'PDF'),
(5, 'Pandemic Variation Modes', 'file', 'Explicação das variantes em português.', '/media/pandemic/variantes_pt.pdf', 5, 8, 8, 0, 1, 'PDF'),
(5, 'Cure Focus Strategy', 'file', 'Optimal order of cures.', '/media/pandemic/cure_focus_en.png', 8, 7, 18, 3, 1, 'PDF'),
(5, 'Pandemic Regole base', 'file', 'Spiegazione base delle regole.', '/media/pandemic/base_it.pdf', 10, 3, 11, 0, 5, 'PDF'),
(5, 'Pandemic Gameplay Full', 'file', 'Intera sessione di gioco.', '/media/pandemic/fullgame_en.pdf', 2, 10, 22, 5, 1, 'PDF'),
(6, 'Settlers of Catan Intro', 'file', 'Basic setup and objectives.', '/media/catan/intro_en.pdf', 10, 1, 50, 8, 1, 'PDF'),
(6, 'Catan Strategie avanzada', 'file', 'Consigli avanzati in italiano.', '/media/catan/strategia_it.pdf', 7, 4, 18, 2, 5, 'PDF'),
(6, 'Catan Regles Françaises', 'file', 'Règles expliquées en français.', '/media/catan/regles_fr.pdf', 5, 6, 10, 0, 2, 'PDF'),
(6, 'German Catan Walkthrough', 'file', 'Deutsche Anleitung komplett.', '/media/catan/walkthrough_de.png', 6, 9, 12, 2, 3, 'PDF'),
(6, 'Catan Long Game Tips', 'file', 'Tips for longer sessions.', '/media/catan/longgame_en.pdf', 8, 8, 24, 5, 1, 'PDF'),
(6, 'Tipi di strategia', 'file', 'Discussione sulle strategie.', '/media/catan/strat_discussion_it.pdf', 1, 5, 15, 3, 5, 'PDF'),
(6, 'Catan プレイ映像', 'file', '日本語でのプレイ解説。', '/media/catan/japan_ja.pdf', 9, 7, 14, 0, 8, 'PDF'),
(6, 'Catan Expansion Overview', 'file', 'Espansioni spiegate.', '/media/catan/expansions_en.pdf', 4, 3, 17, 4, 1, 'PDF'),
(6, 'Catan Beginner Mistakes', 'file', 'Errori frequenti dei principianti.', '/media/catan/mistakes_it.pdf', 3, 10, 9, 1, 5, 'PDF'),
(6, 'Catan Commentary', 'file', 'Commento su una partita avanzata.', '/media/catan/commentary_en.pdf', 2, 2, 13, 2, 1, 'PDF'),
(7, 'Ticket to Ride Basics', 'file', 'Setup and basic play.', '/media/ttr/basics_en.pdf', 7, 2, 45, 6, 1, 'PDF'),
(7, 'TTR Estrategia en Español', 'file', 'Consejos de estrategia.', '/media/ttr/estrategia_es.pdf', 10, 4, 14, 1, 4, 'PDF'),
(7, 'Ticket to Ride Règles FR', 'file', 'Explication jeu en français.', '/media/ttr/regles_fr.pdf', 8, 6, 11, 0, 2, 'PDF'),
(7, 'TTR Regelerklärung', 'file', 'Anleitung auf Deutsch.', '/media/ttr/regeln_de.pdf', 4, 9, 9, 2, 3, 'PDF'),
(7, 'TTR Map Analysis', 'file', 'Analysis of best map strategies.', '/media/ttr/map_analysis_en.pdf', 2, 8, 20, 5, 1, 'PDF'),
(7, 'Ticket to Ride Italia', 'file', 'Presentazione in italiano.', '/media/ttr/italia_it.pdf', 6, 1, 12, 1, 5, 'PDF'),
(7, 'TTR Multiplayer Tips', 'file', 'Managing 5-player chaos.', '/media/ttr/multiplayer_en.pdf', 5, 5, 19, 3, 1, 'PDF'),
(7, 'Ticket to Ride プレイ動画', 'file', '日本語プレイ。', '/media/ttr/japan_ja.pdf', 3, 7, 10, 0, 8, 'PDF'),
(7, 'Route Choices', 'file', 'Best route selection.', '/media/ttr/routes_en.pdf', 9, 10, 13, 2, 1, 'PDF'),
(7, 'Ticket to Ride Italiano', 'file', 'Recensione in italiano.', '/media/ttr/review_it.pdf', 1, 3, 8, 1, 5, 'PDF'),
(8, 'Splendor How to Play', 'file', 'Tutorial completo.', '/media/splendor/howto_en.pdf', 3, 1, 38, 5, 1, 'PDF'),
(8, 'Splendor Estrategia española', 'file', 'Consejos estratégicos.', '/media/splendor/estrategia_es.pdf', 10, 4, 16, 1, 4, 'PDF'),
(8, 'Splendor Tactiques FR', 'file', 'Stratégies avancées.', '/media/splendor/tactiques_fr.pdf', 2, 6, 9, 0, 2, 'PDF'),
(8, 'Splendor Regeln DE', 'file', 'Erklärung auf Deutsch.', '/media/splendor/regeln_de.pdf', 6, 9, 8, 2, 3, 'PDF'),
(8, 'Splendor Engine Building', 'file', 'Card engine tips.', '/media/splendor/engine_en.pdf', 9, 8, 22, 4, 1, 'PDF'),
(8, 'Costruire l equipaggio', 'file', 'Guida italiana strategie.', '/media/splendor/crew_it.pdf', 5, 5, 14, 1, 5, 'PDF'),
(8, 'Splendor プレイ解説', 'file', '日本語版。', '/media/splendor/japan_ja.pdf', 4, 7, 11, 0, 8, 'PDF'),
(8, 'Buying Gems Efficiently', 'file', 'Efficient gem acquisition.', '/media/splendor/gems_en.pdf', 1, 2, 17, 3, 1, 'DOCX'),
(8, 'Splendor Commentary', 'file', 'Commentary su una partita.', '/media/splendor/commentary_it.pdf', 8, 10, 7, 1, 5, 'PDF'),
(8, 'Card Combos', 'file', 'Lovely card combo examples.', '/media/splendor/combos_en.pdf', 7, 3, 15, 2, 1, 'DOCX'),
(9, '7 Wonders Tutorial', 'file', 'Walkthrough delle basi.', '/media/7wonders/tutorial_en.pdf', 4, 1, 48, 6, 1, 'PDF'),
(9, '7W Estrategia en Español', 'file', 'Consejos estratégicos.', '/media/7wonders/estrategia_es.pdf', 10, 4, 15, 1, 4, 'PDF'),
(9, '7 Wonders Regeln DE', 'file', 'Regelerklärung auf Deutsch.', '/media/7wonders/regeln_de.png', 7, 9, 11, 2, 3, 'PDF'),
(9, '7 Wonders Guide FR', 'file', 'Guide en français.', '/media/7wonders/guide_fr.pdf', 3, 6, 10, 0, 2, 'PDF'),
(9, 'Advanced Drafting Tips', 'file', 'Higher-level drafting strategy.', '/media/7wonders/drafting_en.pdf', 6, 8, 23, 4, 1, 'PDF'),
(9, 'Settling Civilizações', 'file', 'Strategie in italiano.', '/media/7wonders/strategia_it.pdf', 5, 5, 14, 1, 5, 'PDF'),
(9, '7 Wonders プレイ講座', 'file', '日本語解説付き。', '/media/7wonders/japan_ja.pdf', 9, 7, 12, 0, 8, 'PDF'),
(9, 'Wonder Power Rankings', 'file', 'Ranking delle meraviglie.', '/media/7wonders/power_rank_en.pdf', 1, 2, 18, 3, 1, 'PDF'),
(9, 'Commentary Full Game', 'file', 'Partita completa con commenti.', '/media/7wonders/commentary_it.pdf', 8, 10, 9, 1, 5, 'PDF'),
(9, '7 Wonders Explained', 'file', 'Full review and explain.', '/media/7wonders/explained_en.pdf', 2, 3, 16, 2, 1, 'DOCX'),
(10, 'Codenames How to Play', 'file', 'Fundamentals e setup.', '/media/codenames/howto_en.pdf', 1, 2, 42, 5, 1, 'PDF'),
(10, 'Codenames Regeln DE', 'file', 'Anleitung auf Deutsch.', '/media/codenames/regeln_de.pdf', 10, 9, 12, 2, 3, 'DOCX'),
(10, 'Estrategia de pistas', 'file', 'Estrategias para spymaster.', '/media/codenames/estrategia_es.pdf', 6, 4, 11, 1, 4, 'PDF'),
(10, 'Codenames Présentation FR', 'file', 'Présentation en français.', '/media/codenames/presentation_fr.pdf', 7, 6, 9, 0, 2, 'PDF'),
(10, 'Advanced Clue Techniques', 'file', 'Clue efficiency tips.', '/media/codenames/clues_en.png', 3, 8, 20, 4, 1, 'PDF'),
(10, 'Codenames Italiano', 'file', 'Introduzione in italiano.', '/media/codenames/intro_it.pdf', 2, 5, 13, 1, 5, 'PDF'),
(10, 'Codenames プレイレビュー', 'file', '日本語でのレビュー。', '/media/codenames/japan_ja.pdf', 5, 7, 10, 0, 8, 'PDF'),
(10, 'Team Communication Tips', 'file', 'Migliorare la comunicazione a squadre.', '/media/codenames/communication_en.pdf', 9, 3, 17, 3, 1, 'DOCX'),
(10, 'Codenames Commentary', 'file', 'Commento di una partita.', '/media/codenames/commentary_it.pdf', 8, 10, 8, 1, 5, 'PDF'),
(10, 'Clue Combos', 'file', 'Esempi di combinazioni efficaci.', '/media/codenames/combos_en.pdf', 4, 1, 15, 2, 1, 'PDF');

INSERT INTO media (boardgame_id, title, media_type, description, uri, category_id, uploader_user_id, n_likes, n_comments, language_id, format) VALUES
(1, 'Sky Team Introduces Solo Mode', 'news', 'A new solo gameplay mode is now available for Sky Team.', 'https://boardgamegeek.com/article/sky-team-solo-mode', 10, 3, 28, 14, 1, NULL),
(1, 'Sky Team expands to digital platform', 'news', 'Fans can now play Sky Team online with an official app.', 'https://boardgamegeek.com/article/sky-team-digital', 9, 7, 33, 15, 1, NULL),
(2, 'Wingspan: Limited Edition European Set', 'news', 'A collector s set featuring birds from across Europe.', 'https://boardgamegeek.com/article/wingspan-europe-set', 6, 2, 45, 12, 1, NULL),
(2, 'Nouveaux tournois pour Wingspan', 'news', 'Des compétitions mondiales ont été annoncées.', 'https://boardgamegeek.com/article/wingspan-tournaments', 7, 6, 40, 18, 2, NULL),
(3, 'Gloomhaven: Special Collector s Edition', 'news', 'A deluxe version with improved components and miniatures.', 'https://boardgamegeek.com/article/gloomhaven-collectors', 2, 1, 50, 21, 1, NULL),
(3, 'Gloomhaven Estratégias Avançadas', 'news', 'Análise de novas estratégias e jogabilidade.', 'https://boardgamegeek.com/article/gloomhaven-strategies', 8, 8, 39, 17, 4, NULL),
(4, 'Azul: New Color Variant Announced', 'news', 'A special version with additional tile designs and colors.', 'https://boardgamegeek.com/article/azul-new-color', 3, 5, 30, 13, 1, NULL),
(4, 'Azul wird zum offiziellen Turnierspiel', 'news', 'Die International Boardgame Federation nimmt Azul in ihr Programm auf.', 'https://boardgamegeek.com/article/azul-tournament', 5, 9, 35, 16, 3, NULL),
(5, 'Pandemic Online Tournament Set for July', 'news', 'The largest online cooperative tournament is coming soon.', 'https://boardgamegeek.com/article/pandemic-tournament', 4, 4, 41, 19, 1, NULL),
(5, 'Pandemic strategy guide released', 'news', 'Experts share winning tips for all difficulty levels.', 'https://boardgamegeek.com/article/pandemic-strategy', 1, 10, 47, 22, 1, NULL),
(6, 'Catan introduces new trading mechanics', 'news', 'Players will experience dynamic market conditions.', 'https://boardgamegeek.com/article/catan-trading', 1, 1, 38, 23, 1, NULL),
(6, 'カタンの新しい拡張が発表されました', 'news', '新しいリソースと交渉の可能性を追加。', 'https://boardgamegeek.com/article/catan-expansion', 2, 5, 42, 25, 8, NULL),
(7, 'Ticket to Ride World Tour Announced', 'news', 'A global championship event across multiple continents.', 'https://boardgamegeek.com/article/ticket-to-ride-tour', 6, 8, 50, 29, 1, NULL),
(7, 'Ticket to Ride Europa krijgt nieuwe uitbreidingen', 'news', 'Nieuwe bestemmingen en strategische kaarten.', 'https://boardgamegeek.com/article/ticket-to-ride-expansion', 9, 2, 37, 27, 3, NULL),
(8, 'Splendor turns 10: Anniversary Set Released', 'news', 'A special edition commemorating a decade of Splendor.', 'https://boardgamegeek.com/article/splendor-anniversary', 8, 3, 46, 20, 1, NULL),
(8, 'Splendor tournament announces cash prize', 'news', 'The world championship will award a significant cash prize.', 'https://boardgamegeek.com/article/splendor-prize', 3, 7, 45, 26, 1, NULL),
(9, '7 Wonders Digital Edition Launching Soon', 'news', 'The beloved card drafting game is coming to mobile platforms.', 'https://boardgamegeek.com/article/7wonders-digital', 7, 4, 50, 30, 1, NULL),
(9, '7 Wonders lève le voile sur un nouveau mode de jeu', 'news', 'Un mode rapide avec moins de cartes a été annoncé.', 'https://boardgamegeek.com/article/7wonders-new-mode', 4, 9, 36, 28, 2, NULL),
(10, 'Codenames Expands with Popular Culture Edition', 'news', 'New words themed around pop culture icons.', 'https://boardgamegeek.com/article/codenames-pop-culture', 10, 6, 48, 31, 1, NULL),
(10, 'Codenames bekommt eine neue Strategievariante', 'news', 'Experten diskutieren innovative Spielweisen.', 'https://boardgamegeek.com/article/codenames-strategy', 5, 10, 43, 32, 3, NULL),
(1, 'Sky Team Announces New Missions', 'news', 'New mission packs introduce advanced flight challenges.', 'https://boardgamegeek.com/article/sky-team-missions', 4, 6, 28, 14, 1, NULL),
(1, 'Sky Teamが新しい協力プレイモードを追加', 'news', 'さらに戦略的なゲームプレイが可能に。', 'https://boardgamegeek.com/article/sky-team-coop-mode', 2, 9, 33, 15, 8, NULL),
(2, 'Wingspan Gets an Arctic Expansion', 'news', 'A new expansion adds birds from icy regions.', 'https://boardgamegeek.com/article/wingspan-arctic-expansion', 6, 5, 40, 12, 1, NULL),
(2, 'Nueva edición de Wingspan para América Latina', 'news', 'Incluye aves de la región y nuevas mecánicas de juego.', 'https://boardgamegeek.com/article/wingspan-latin-america', 9, 7, 35, 18, 4, NULL),
(3, 'Gloomhaven Introduces Modular Dungeons', 'news', 'Players can create and customize their own dungeon layouts.', 'https://boardgamegeek.com/article/gloomhaven-modular', 1, 3, 50, 20, 1, NULL),
(3, 'Gloomhaven strategische Varianten', 'news', 'Erweiterte Spielmechaniken bringen neue Herausforderungen.', 'https://boardgamegeek.com/article/gloomhaven-strategy', 8, 8, 45, 22, 3, NULL),
(4, 'Azul Gets a Special Holiday Edition', 'news', 'A festive version with unique seasonal patterns.', 'https://boardgamegeek.com/article/azul-holiday-edition', 3, 2, 28, 9, 1, NULL),
(4, 'Azul reçoit une édition spéciale', 'news', 'Nouvelles tuiles inspirées des motifs traditionnels.', 'https://boardgamegeek.com/article/azul-special-edition', 7, 10, 37, 14, 2, NULL),
(5, 'Pandemic Adds Real-Life Outbreak Scenarios', 'news', 'Inspired by real-world diseases, new challenges await.', 'https://boardgamegeek.com/article/pandemic-real-outbreaks', 10, 4, 41, 11, 1, NULL),
(5, 'Pandemic Legacy será adaptado a serie', 'news', 'Un estudio ha comprado los derechos para una serie de televisión.', 'https://boardgamegeek.com/article/pandemic-series', 5, 6, 49, 19, 4, NULL),
(6, 'Catan Launches an AI Opponent Mode', 'news', 'A single-player mode using advanced AI strategies.', 'https://boardgamegeek.com/article/catan-ai-mode', 8, 1, 33, 16, 1, NULL),
(6, 'Catan wird zum E-Sport', 'news', 'Turniere mit Preisgeldern und professionellen Spielern.', 'https://boardgamegeek.com/article/catan-esports', 1, 9, 44, 17, 3, NULL),
(7, 'Ticket to Ride Announces Space Edition', 'news', 'A futuristic version set in the galaxy.', 'https://boardgamegeek.com/article/ticket-to-ride-space', 6, 8, 48, 21, 1, NULL),
(7, 'Ticket to Rideは新しい鉄道ルートを追加します', 'news', '歴史的な鉄道網がゲームに登場。', 'https://boardgamegeek.com/article/ticket-to-ride-historic', 7, 5, 46, 23, 8, NULL),
(8, 'Splendor Gains a Historical Theme Expansion', 'news', 'New cards reflect famous trade routes from history.', 'https://boardgamegeek.com/article/splendor-history', 4, 2, 39, 13, 1, NULL),
(8, 'Splendor reçoit un mode solo', 'news', 'Nouvelle mécanique permettant de jouer seul.', 'https://boardgamegeek.com/article/splendor-solo', 5, 7, 42, 24, 2, NULL),
(9, '7 Wonders Introduces Mythology-Based Expansion', 'news', 'Gods and legends will influence city-building.', 'https://boardgamegeek.com/article/7wonders-mythology', 2, 3, 38, 25, 1, NULL),
(9, 'Nueva edición rápida de 7 Wonders', 'news', 'Una variante con menos rondas para partidas rápidas.', 'https://boardgamegeek.com/article/7wonders-speed-edition', 10, 10, 51, 26, 4, NULL),
(10, 'Codenames Adds a Movie Edition', 'news', 'Featuring famous movie quotes and characters.', 'https://boardgamegeek.com/article/codenames-movie', 9, 4, 47, 27, 1, NULL),
(10, 'Codenames bekommt ein Musik-Edition', 'news', 'Karten mit berühmten Liedtexten und Künstlernamen.', 'https://boardgamegeek.com/article/codenames-music', 3, 9, 52, 28, 3, NULL),
(1, 'Sky Team Unveils New Advanced Pilot Challenges', 'news', 'New scenarios will push players to the limit with expert-level flights.', 'https://boardgamegeek.com/article/sky-team-advanced', 8, 3, 29, 15, 1, NULL),
(1, 'Sky Team新しいチームイベントを発表', 'news', '協力プレイを強化する特別イベントが登場。', 'https://boardgamegeek.com/article/sky-team-event', 2, 6, 33, 18, 8, NULL),
(2, 'Wingspan Adds a Desert Habitat Expansion', 'news', 'Introducing birds from arid regions with unique survival abilities.', 'https://boardgamegeek.com/article/wingspan-desert-expansion', 4, 9, 42, 14, 1, NULL),
(2, 'Nouvelle extension Wingspan: Oiseaux rares', 'news', 'Une mise à jour avec des espèces difficiles à observer.', 'https://boardgamegeek.com/article/wingspan-rare-birds', 10, 2, 35, 19, 2, NULL),
(3, 'Gloomhaven: Mastery Mode Released', 'news', 'A challenging variant for experienced dungeon crawlers.', 'https://boardgamegeek.com/article/gloomhaven-mastery', 7, 7, 50, 22, 1, NULL),
(3, 'Gloomhaven erhält neues Story-Kapitel', 'news', 'Ein erweitertes Abenteuer mit neuen Charakteren und Quests.', 'https://boardgamegeek.com/article/gloomhaven-new-story', 9, 1, 39, 23, 3, NULL),
(4, 'Azul Launches Underwater-Themed Set', 'news', 'New tiles inspired by oceanic designs.', 'https://boardgamegeek.com/article/azul-ocean', 5, 4, 37, 11, 1, NULL),
(4, 'Azul: Nueva edición inspirada en el arte latino', 'news', 'Diseños únicos con influencias culturales.', 'https://boardgamegeek.com/article/azul-latin', 6, 5, 31, 17, 4, NULL),
(5, 'Pandemic Adds Historical Scenarios', 'news', 'Play through legendary disease outbreaks from history.', 'https://boardgamegeek.com/article/pandemic-historical', 3, 8, 41, 20, 1, NULL),
(5, 'Pandemic wird zur Wissenschaftsplattform', 'news', 'Forscher nutzen das Spiel für epidemiologische Simulationen.', 'https://boardgamegeek.com/article/pandemic-science', 1, 10, 44, 21, 3, NULL),
(6, 'Catan Adds Dynamic Weather Mechanics', 'news', 'Unpredictable conditions change trade and travel strategies.', 'https://boardgamegeek.com/article/catan-weather', 9, 2, 38, 16, 1, NULL),
(6, 'Catan: Nuova modalità con mercanti personalizzati', 'news', 'I giocatori possono ora gestire i propri commercianti.', 'https://boardgamegeek.com/article/catan-traders', 5, 9, 46, 19, 5, NULL),
(7, 'Ticket to Ride Expands with Global Connections', 'news', 'A new edition features worldwide railway links.', 'https://boardgamegeek.com/article/ticket-to-ride-global', 1, 6, 48, 24, 1, NULL),
(7, '新しいTicket to Rideアップデートが発表されました', 'news', 'ゲームの戦略的要素が拡張されます。', 'https://boardgamegeek.com/article/ticket-to-ride-update', 3, 3, 47, 26, 8, NULL),
(8, 'Splendor: Gem Market Expansion Announced', 'news', 'New mechanics for evolving gem trading.', 'https://boardgamegeek.com/article/splendor-gem-market', 10, 7, 36, 12, 1, NULL),
(8, 'Splendor recibe un modo de juego rápido', 'news', 'Una versión acelerada para partidas exprés.', 'https://boardgamegeek.com/article/splendor-fast-mode', 7, 1, 49, 15, 4, NULL),
(9, '7 Wonders Adds Modern Technology Expansion', 'news', 'Players now build wonders incorporating futuristic advancements.', 'https://boardgamegeek.com/article/7wonders-tech', 4, 10, 50, 27, 1, NULL),
(9, '7 Wonders bekommt eine architektonische Edition', 'news', 'Neue Karten basieren auf weltberühmten Bauwerken.', 'https://boardgamegeek.com/article/7wonders-architecture', 2, 5, 52, 28, 3, NULL),
(10, 'Codenames Brings a Sci-Fi Edition', 'news', 'Includes words and themes from famous science fiction stories.', 'https://boardgamegeek.com/article/codenames-scifi', 6, 9, 45, 29, 1, NULL),
(10, 'Codenamesの新しいカスタムパックが登場', 'news', 'プレイヤーは自分のカードセットを作成できます。', 'https://boardgamegeek.com/article/codenames-custom', 8, 6, 43, 30, 8, NULL),
(1, 'Sky Team Wins Game of the Year Award', 'news', 'Sky Team is recognized as the best cooperative game of the year.', 'https://boardgamegeek.com/article/sky-team-award', 8, 5, 30, 15, 1, NULL),
(1, 'Nouvelle extension pour Sky Team', 'news', 'Une extension avec de nouveaux défis et scénarios.', 'https://boardgamegeek.com/article/sky-team-expansion', 7, 8, 25, 10, 2, NULL),
(2, 'Wingspan Celebrates Fifth Anniversary', 'news', 'Special events and a deluxe edition mark the milestone.', 'https://boardgamegeek.com/article/wingspan-anniversary', 1, 2, 40, 12, 1, NULL),
(2, 'Neue Vögel für Wingspan', 'news', 'Eine neue Erweiterung bringt exotische Vogelarten.', 'https://boardgamegeek.com/article/wingspan-new-birds', 6, 7, 35, 18, 3, NULL),
(3, 'Gloomhaven Gets a Video Game Adaptation', 'news', 'The popular dungeon crawler makes its way to PC and consoles.', 'https://boardgamegeek.com/article/gloomhaven-game', 3, 3, 50, 20, 1, NULL),
(3, 'Frosthaven Expansion Release Date Announced', 'news', 'Fans of Gloomhaven can explore new adventures in Frosthaven.', 'https://boardgamegeek.com/article/gloomhaven-frosthaven', 4, 6, 45, 22, 1, NULL),
(4, 'Azul Gets a New Deluxe Edition', 'news', 'Premium tiles and new gameplay variations enhance the experience.', 'https://boardgamegeek.com/article/azul-new-edition', 9, 1, 28, 9, 1, NULL),
(4, 'Azul Campeonato Mundial', 'news', 'Los mejores jugadores del mundo compiten por el título.', 'https://boardgamegeek.com/article/azul-championship', 5, 9, 37, 14, 4, NULL),
(5, 'Pandemic Introduces Campaign Mode', 'news', 'A new story-driven mode adds depth to the classic cooperative game.', 'https://boardgamegeek.com/article/pandemic-campaign', 2, 4, 41, 11, 1, NULL),
(5, 'Pandemic Legacy Sequel Confirmed', 'news', 'The narrative-driven Pandemic series continues with a new installment.', 'https://boardgamegeek.com/article/pandemic-legacy', 10, 10, 49, 19, 1, NULL),
(6, 'Catan Expansion Brings New Resources', 'news', 'Players will experience fresh trading dynamics with new materials.', 'https://boardgamegeek.com/article/catan-new-resources', 1, 2, 33, 16, 1, NULL),
(6, 'Campionato europeo di Catan', 'news', 'Le migliori strategie si affrontano nella competizione continentale.', 'https://boardgamegeek.com/article/catan-euro-championship', 5, 3, 44, 17, 5, NULL),
(7, 'Ticket to Ride Celebrates 20 Years', 'news', 'A special anniversary event honors the iconic board game.', 'https://boardgamegeek.com/article/ticket-to-ride-20years', 10, 5, 48, 21, 1, NULL),
(7, '新しい Ticket to Ride マップが公開されました', 'news', '新しい目的地と戦略が追加されました。', 'https://boardgamegeek.com/article/ticket-to-ride-map', 2, 7, 46, 23, 8, NULL),
(8, 'Splendor Adds Cooperative Mode', 'news', 'For the first time, players can team up rather than compete.', 'https://boardgamegeek.com/article/splendor-coop', 4, 1, 39, 13, 1, NULL),
(8, 'Nouvelle stratégie émergente dans Splendor', 'news', 'Les experts analysent une nouvelle tactique de jeu.', 'https://boardgamegeek.com/article/splendor-strategy', 6, 9, 42, 24, 2, NULL),
(9, '7 Wonders Launches Family Edition', 'news', 'A simplified version makes the classic game accessible to younger players.', 'https://boardgamegeek.com/article/7wonders-family', 7, 6, 38, 25, 1, NULL),
(9, 'Strategien für den Sieg in 7 Wonders', 'news', 'Analyse der besten Spielzüge in Turnieren.', 'https://boardgamegeek.com/article/7wonders-strategy', 3, 2, 51, 26, 3, NULL),
(10, 'Codenames Expands With New Words', 'news', 'A fresh card set adds more complex word choices.', 'https://boardgamegeek.com/article/codenames-new-words', 8, 4, 47, 27, 1, NULL),
(10, 'Variantes divertidas para Codenames', 'news', 'Descubre formas alternativas de jugar al clásico juego de palabras.', 'https://boardgamegeek.com/article/codenames-variants', 9, 8, 52, 28, 4, NULL);


INSERT INTO media (boardgame_id, title, media_type, description, uri, category_id, uploader_user_id, n_likes, n_comments, language_id, format) VALUES
(91, 'Carcassonne Box Art', 'image', 'Official box cover artwork for Carcassonne', 'https://cf.geekdo-images.com/Z3upN53-fsVPUDimN-IN6A__imagepage/img/sK-6yQp9sLhTXyVBfF4S-VEOdM8=/fit-in/900x600/filters:no_upscale():strip_icc()/pic2337577.jpg', 3, 1, 67, 8, 1, 'JPG'),
(91, 'Carcassonne Tile Placement', 'image', 'Close-up of tile placement mechanics', 'https://cf.geekdo-images.com/carcassonne_tiles.jpg', 9, 3, 45, 5, 1, 'PNG'),
(91, 'Carcassonne How to Play', 'video', 'Tutorial: How to play Carcassonne', '/videos/carcassonne_howtoplay.mp4', 2, 1, 85, 9, 1, 'MP4'),
(91, 'Carcassonne Review', 'video', 'Carcassonne review by BoardGameMaster', '/videos/carcassonne_review.mp4', 4, 2, 72, 6, 1, 'MP4'),
(91, 'Carcassonne First Impressions', 'forum', 'Review after first plays of Carcassonne', 'https://example.com/review_carc1', 6, 2, 45, 7, 1, NULL),
(91, 'Carcassonne Strategy Guide', 'forum', 'Advanced strategies for tile placement', 'https://example.com/strategy_carc1', 7, 4, 38, 5, 1, NULL),
(91, 'Carcassonne Tutorial', 'file', 'How to play Carcassonne step by step', '/media/carcassonne/tutorial_en.pdf', 1, 1, 32, 4, 1, 'PDF'),
(91, 'Carcassonne Expansion Overview', 'file', 'Overview of available expansions', '/media/carcassonne/expansions_en.pdf', 8, 3, 28, 3, 1, 'PDF'),
(91, 'Carcassonne Gets Digital Edition', 'news', 'The classic tile-laying game comes to mobile platforms', 'https://boardgamegeek.com/article/carcassonne-digital', 5, 2, 35, 12, 1, NULL),
(92, 'Terraforming Mars Board Setup', 'image', 'Complete board setup for Terraforming Mars', 'https://cf.geekdo-images.com/wg9oOLcsKvDesSUdZQ4rxw__imagepage/img/BTF1T2ug-lHZAuoJ9cPKyUo6Q2s=/fit-in/900x600/filters:no_upscale():strip_icc()/pic3791245.jpg', 10, 2, 78, 9, 1, 'PNG'),
(92, 'Terraforming Mars Cards', 'image', 'Project cards and corporation boards', 'https://cf.geekdo-images.com/terraforming_cards.jpg', 8, 4, 52, 6, 1, 'JPG'),
(92, 'Terraforming Mars How to Play', 'video', 'Tutorial: How to play Terraforming Mars', '/videos/terraforming_howtoplay.mp4', 7, 1, 105, 11, 1, 'AVI'),
(92, 'Terraforming Mars Review', 'video', 'Terraforming Mars review by EuroGameFan', '/videos/terraforming_review.mp4', 3, 2, 92, 8, 1, 'AVI'),
(92, 'Terraforming Mars Strategy Deep Dive', 'forum', 'Comprehensive strategy analysis', 'https://example.com/review_tm1', 4, 3, 65, 10, 1, NULL),
(92, 'Terraforming Mars Corporation Guide', 'forum', 'Best corporations and strategies', 'https://example.com/strategy_tm1', 10, 5, 58, 8, 1, NULL),
(92, 'Terraforming Mars Strategy Guide', 'file', 'Advanced strategies for Mars colonization', '/media/terraforming/strategy_en.pdf', 2, 1, 45, 6, 1, 'PDF'),
(92, 'Terraforming Mars Components', 'file', 'Overview of game components', '/media/terraforming/components_en.pdf', 6, 4, 38, 4, 1, 'PDF'),
(92, 'Terraforming Mars Wins Innovation Award', 'news', 'Recognized for outstanding game mechanics', 'https://boardgamegeek.com/article/terraforming-award', 1, 3, 42, 15, 1, NULL),
(93, 'Scythe Faction Boards', 'image', 'All faction boards and mechs display', 'https://cf.geekdo-images.com/7k_nOxpO9OGIjhLq2BUZdA__imagepage/img/H_y9NZ5W-Ouyurvgzd4H6x8pFcs=/fit-in/900x600/filters:no_upscale():strip_icc()/pic3163924.jpg', 5, 3, 82, 10, 1, 'PNG'),
(93, 'Scythe Miniatures Painted', 'image', 'Beautifully painted Scythe miniatures', 'https://cf.geekdo-images.com/scythe_minis.jpg', 9, 5, 68, 7, 1, 'JPG'),
(93, 'Scythe How to Play', 'video', 'Tutorial: How to play Scythe', '/videos/scythe_howtoplay.mp4', 5, 1, 98, 10, 1, 'AVI'),
(93, 'Scythe Review', 'video', 'Scythe review by ThematicGamer', '/videos/scythe_review.mp4', 6, 2, 87, 7, 1, 'AVI'),
(93, 'Scythe Engine Building Mastery', 'forum', 'How to optimize your engine', 'https://example.com/review_scythe1', 4, 4, 72, 12, 1, NULL),
(93, 'Scythe Faction Analysis', 'forum', 'Detailed breakdown of each faction', 'https://example.com/strategy_scythe1', 10, 6, 65, 9, 1, NULL),
(93, 'Scythe Strategy Manual', 'file', 'Comprehensive strategy guide', '/media/scythe/strategy_en.pdf', 3, 1, 55, 7, 1, 'PDF'),
(93, 'Scythe Faction Guide', 'file', 'Detailed faction abilities explanation', '/media/scythe/factions_en.pdf', 1, 5, 48, 5, 1, 'PDF'),
(93, 'Scythe Expansion Announced', 'news', 'New faction and modules coming soon', 'https://boardgamegeek.com/article/scythe-expansion', 2, 4, 98, 18, 1, NULL),
(94, 'Dominion Card Kingdom', 'image', 'Kingdom cards layout for Dominion', 'https://cf.geekdo-images.com/j6iQpZ4XkemZP07HNCODBA__imagepage/img/uqPGkqCKU0wVvL_4T5gBcvMZgCM=/fit-in/900x600/filters:no_upscale():strip_icc()/pic394356.jpg', 9, 4, 73, 8, 1, 'JPG'),
(94, 'Dominion Deck Building', 'image', 'Player deck and buy area setup', 'https://cf.geekdo-images.com/dominion_deck.jpg', 8, 6, 56, 6, 1, 'JPG'),
(94, 'Dominion How to Play', 'video', 'Tutorial: How to play Dominion', '/videos/dominion_howtoplay.mp4', 7, 1, 89, 8, 1, 'MP4'),
(94, 'Dominion Review', 'video', 'Dominion review by CardShark', '/videos/dominion_review.mp4', 5, 2, 76, 6, 1, 'AVI'),
(94, 'Dominion Deck Building Guide', 'forum', 'Optimal deck construction strategies', 'https://example.com/review_dominion1', 10, 5, 58, 9, 1, NULL),
(94, 'Dominion Card Combos', 'forum', 'Powerful card combinations', 'https://example.com/strategy_dominion1', 1, 7, 52, 7, 1, NULL),
(94, 'Dominion Strategy Guide', 'file', 'Advanced deck building techniques', '/media/dominion/strategy_en.pdf', 8, 1, 42, 5, 1, 'PDF'),
(94, 'Dominion Card Reference', 'file', 'Complete card reference guide', '/media/dominion/cards_en.pdf', 4, 6, 35, 3, 1, 'PDF'),
(94, 'Dominion Celebrates 15 Years', 'news', 'Anniversary edition with new cards announced', 'https://boardgamegeek.com/article/dominion-anniversary', 7, 5, 48, 16, 1, NULL),
(95, 'Root Faction Overview', 'image', 'All four factions and their pieces', 'https://cf.geekdo-images.com/JUAUWaVUzeBgzirhZNmHHw__imagepage/img/oV55C1TLFNPsJdSGnfKlzrnZGFs=/fit-in/900x600/filters:no_upscale():strip_icc()/pic4254509.jpg', 3, 5, 85, 11, 1, 'JPG'),
(95, 'Root Asymmetric Powers', 'image', 'Close-up of different faction boards', 'https://cf.geekdo-images.com/root_factions.jpg', 9, 7, 72, 8, 1, 'PNG'),
(95, 'Root How to Play', 'video', 'Tutorial: How to play Root', '/videos/root_howtoplay.mp4', 2, 1, 112, 12, 1, 'AVI'),
(95, 'Root Review', 'video', 'Root review by AsymmetricGamer', '/videos/root_review.mp4', 6, 2, 95, 9, 1, 'AVI'),
(95, 'Root Asymmetric Balance', 'forum', 'How asymmetry creates balance', 'https://example.com/review_root1', 5, 6, 78, 14, 1, NULL),
(95, 'Root Faction Strategies', 'forum', 'Winning strategies for each faction', 'https://example.com/strategy_root1', 8, 8, 69, 11, 1, NULL),
(95, 'Root Faction Guide', 'file', 'Detailed faction strategy guide', '/media/root/factions_en.pdf', 4, 1, 58, 8, 1, 'PDF'),
(95, 'Root Advanced Tactics', 'file', 'High-level strategic concepts', '/media/root/tactics_en.pdf', 6, 7, 52, 6, 1, 'PDF'),
(95, 'Root Digital Edition Launch', 'news', 'Asymmetric warfare comes to Steam', 'https://boardgamegeek.com/article/root-digital', 3, 6, 62, 20, 1, NULL),
(96, 'Spirit Island Spirits Display', 'image', 'All spirit boards and power cards', 'https://cf.geekdo-images.com/kjCm4ZvPjIZxS-mYgSPy1g__imagepage/img/nmVsO_6VAphOH8rBGjYCmMzCwYo=/fit-in/900x600/filters:no_upscale():strip_icc()/pic7013651.jpg', 7, 6, 88, 10, 1, 'PNG'),
(96, 'Spirit Island Game Board', 'image', 'Island board with invaders and dahan', 'https://cf.geekdo-images.com/spirit_board.jpg', 9, 8, 74, 7, 1, 'PNG'),
(96, 'Spirit Island How to Play', 'video', 'Tutorial: How to play Spirit Island', '/videos/spirit_howtoplay.mp4', 2, 1, 102, 11, 1, 'MP4'),
(96, 'Spirit Island Review', 'video', 'Spirit Island review by CoopMaster', '/videos/spirit_review.mp4', 1, 2, 89, 8, 1, 'AVI'),
(96, 'Spirit Island Complexity Breakdown', 'forum', 'Managing the games complexity', 'https://example.com/review_spirit1', 10, 7, 68, 12, 1, NULL),
(96, 'Spirit Island Power Synergies', 'forum', 'Best spirit combinations', 'https://example.com/strategy_spirit1', 9, 9, 62, 9, 1, NULL),
(96, 'Spirit Island Strategy Guide', 'file', 'Advanced spirit coordination', '/media/spirit/strategy_en.pdf', 7, 1, 48, 6, 1, 'PDF'),
(96, 'Spirit Island Power Reference', 'file', 'Complete power card reference', '/media/spirit/powers_en.pdf', 10, 8, 42, 4, 1, 'PDF'),
(96, 'Spirit Island Wins Cooperative Award', 'news', 'Recognized as best cooperative game', 'https://boardgamegeek.com/article/spirit-award', 3, 7, 55, 17, 1, NULL),
(97, 'Pax Pamir Political Map', 'image', 'Afghanistan political influence map', 'https://cf.geekdo-images.com/4mKFYAn8EANXQYo6IfJjZw__imagepage/img/uqSH1pQJHcRtEPdYR1rBMfRbFV8=/fit-in/900x600/filters:no_upscale():strip_icc()/pic4956937.jpg', 5, 7, 65, 7, 1, 'PNG'),
(97, 'Pax Pamir Coalition Tokens', 'image', 'Coalition influence and control markers', 'https://cf.geekdo-images.com/pax_tokens.jpg', 2, 9, 48, 5, 1, 'PNG'),
(97, 'Pax Pamir How to Play', 'video', 'Tutorial: How to play Pax Pamir', '/videos/pax_howtoplay.mp4', 4, 1, 78, 8, 1, 'AVI'),
(97, 'Pax Pamir Review', 'video', 'Pax Pamir review by HistoryGamer', '/videos/pax_review.mp4', 1, 2, 68, 6, 1, 'AVI'),
(97, 'Pax Pamir Historical Context', 'forum', 'The Great Game in board game form', 'https://example.com/review_pax1', 6, 8, 52, 8, 1, NULL),
(97, 'Pax Pamir Loyalty Mechanics', 'forum', 'Understanding shifting allegiances', 'https://example.com/strategy_pax1', 8, 10, 46, 6, 1, NULL),
(97, 'Pax Pamir Historical Guide', 'file', 'Historical context and gameplay', '/media/pax/history_en.pdf', 3, 1, 38, 4, 1, 'PDF'),
(97, 'Pax Pamir Strategy Manual', 'file', 'Advanced political maneuvering', '/media/pax/strategy_en.pdf', 5, 9, 32, 3, 1, 'PDF'),
(97, 'Pax Pamir Documentary Feature', 'news', 'Historical documentary about the Great Game', 'https://boardgamegeek.com/article/pax-documentary', 4, 8, 42, 14, 1, NULL),
(98, 'Heat Racing Setup', 'image', 'Racing track with cars positioned', 'https://cf.geekdo-images.com/-vOrd4bOspibyohYExLqWg__imagepage/img/iu5tYfhfLOiKNfUOqfYNKN1-1jY=/fit-in/900x600/filters:no_upscale():strip_icc()/pic6940449.png', 6, 8, 72, 8, 1, 'JPG'),
(98, 'Heat Car Dashboard', 'image', 'Player dashboard and heat management', 'https://cf.geekdo-images.com/heat_dashboard.jpg', 10, 10, 58, 6, 1, 'JPG'),
(98, 'Heat How to Play', 'video', 'Tutorial: How to play Heat', '/videos/heat_howtoplay.mp4', 1, 1, 85, 9, 1, 'AVI'),
(98, 'Heat Review', 'video', 'Heat review by RacingFan', '/videos/heat_review.mp4', 8, 2, 74, 7, 1, 'AVI'),
(98, 'Heat Racing Strategies', 'forum', 'Optimal racing lines and timing', 'https://example.com/review_heat1', 9, 9, 58, 9, 1, NULL),
(98, 'Heat Hand Management', 'forum', 'Managing your deck effectively', 'https://example.com/strategy_heat1', 7, 1, 52, 7, 1, NULL),
(98, 'Heat Racing Guide', 'file', 'Advanced racing techniques', '/media/heat/racing_en.pdf', 2, 1, 42, 5, 1, 'DOCX'),
(98, 'Heat Track Reference', 'file', 'All track layouts and variants', '/media/heat/tracks_en.pdf', 8, 10, 36, 3, 1, 'PDF'),
(98, 'Heat Championship Series', 'news', 'Official racing tournament announced', 'https://boardgamegeek.com/article/heat-championship', 7, 9, 48, 16, 1, NULL),
(99, 'The Crew Mission Cards', 'image', 'Mission objectives and trick tokens', 'https://cf.geekdo-images.com/98LnQShydr11OBKS46xY-Q__imagepage/img/QYrmCYfIUzx1WxdILpSCpLSfElQ=/fit-in/900x600/filters:no_upscale():strip_icc()/pic5687013.jpg', 3, 9, 68, 7, 1, 'JPG'),
(99, 'The Crew Communication Tokens', 'image', 'Communication tokens and cards', 'https://cf.geekdo-images.com/crew_tokens.jpg', 9, 1, 54, 5, 1, 'JPG'),
(99, 'The Crew How to Play', 'video', 'Tutorial: How to play The Crew', '/videos/crew_howtoplay.mp4', 6, 1, 79, 8, 1, 'AVI'),
(99, 'The Crew Review', 'video', 'The Crew review by TrickTaker', '/videos/crew_review.mp4', 4, 2, 66, 6, 1, 'AVI'),
(99, 'The Crew Mission Strategies', 'forum', 'Completing difficult missions', 'https://example.com/review_crew1', 1, 10, 52, 8, 1, NULL),
(99, 'The Crew Communication Tips', 'forum', 'Effective team communication', 'https://example.com/strategy_crew1', 10, 2, 46, 6, 1, NULL),
(99, 'The Crew Mission Guide', 'file', 'Complete mission walkthrough', '/media/crew/missions_en.pdf', 5, 1, 38, 4, 1, 'PDF'),
(99, 'The Crew Strategy Tips', 'file', 'Advanced cooperative tactics', '/media/crew/strategy_en.pdf', 2, 1, 32, 3, 1, 'PDF'),
(99, 'The Crew Sequel Announced', 'news', 'New mission pack with expanded gameplay', 'https://boardgamegeek.com/article/crew-sequel', 10, 10, 44, 15, 1, NULL),
(100, 'Exploding Kittens Cards', 'image', 'Card layout showing kitten varieties', '/images/crew_analysis.png', 1, 10, 82, 12, 1, 'JPG'),
(100, 'Exploding Kittens Gameplay', 'image', 'Players laughing during a game', 'https://cf.geekdo-images.com/exploding_fun.jpg', 7, 2, 75, 10, 1, 'JPG'),
(100, 'Exploding Kittens How to Play', 'video', 'Tutorial: How to play Exploding Kittens', 'https://i.ytimg.com/vi/O3BDwMx3FpE/maxresdefault.jpg', 3, 1, 95, 11, 1, 'AVI'),
(100, 'Exploding Kittens Review', 'video', 'Exploding Kittens review by PartyGamer', '/videos/exploding_review.mp4', 5, 2, 88, 9, 1, 'AVI'),
(100, 'Exploding Kittens Party Fun', 'forum', 'Why this game brings people together', 'https://example.com/review_exploding1', 9, 1, 68, 15, 1, NULL),
(100, 'Exploding Kittens Strategy', 'forum', 'Surprisingly deep tactical play', 'https://example.com/strategy_exploding1', 2, 3, 58, 12, 1, NULL),
(100, 'Exploding Kittens Party Guide', 'file', 'How to host the perfect game night', '/media/exploding/party_en.pdf', 4, 1, 48, 8, 1, 'PDF'),
(100, 'Exploding Kittens Variants', 'file', 'Fun house rules and variants', '/media/exploding/variants_en.pdf', 6, 2, 42, 6, 1, 'PDF'),
(100, 'Exploding Kittens Mobile Game', 'news', 'Digital version with new features', 'https://boardgamegeek.com/article/exploding-mobile', 8, 1, 58, 18, 1, NULL),
(101, 'The Crew Cards Setup', 'image', 'Card distribution and mission setup', 'https://cf.geekdo-images.com/98LnQShydr11OBKS46xY-Q__imagepage/img/QYrmCYfIUzx1WxdILpSCpLSfElQ=/fit-in/900x600/filters:no_upscale():strip_icc()/pic5040718.jpg', 10, 1, 72, 8, 1, 'JPG'),
(101, 'The Crew Team Play', 'image', 'Players working together on missions', 'https://cf.geekdo-images.com/crew_team.jpg', 7, 3, 58, 6, 1, 'PNG'),
(101, 'The Crew Tutorial', 'video', 'How to play The Crew step by step', '/videos/crew_tutorial.mp4', 9, 1, 82, 9, 1, 'AVI'),
(101, 'The Crew Analysis', 'video', 'Deep dive into cooperative mechanics', '/videos/crew_analysis.mp4', 1, 2, 69, 7, 1, 'MP4'),
(101, 'The Crew Cooperative Excellence', 'forum', 'Perfect blend of luck and skill', 'https://example.com/review_crew2', 6, 2, 55, 10, 1, NULL),
(101, 'The Crew Advanced Missions', 'forum', 'Tackling the hardest challenges', 'https://example.com/strategy_crew2', 4, 4, 48, 8, 1, NULL),
(101, 'The Crew Complete Guide', 'file', 'Everything you need to know', '/media/crew2/complete_en.pdf', 8, 1, 38, 5, 1, 'PDF'),
(101, 'The Crew Communication Guide', 'file', 'Mastering silent communication', '/media/crew2/communication_en.pdf', 2, 3, 32, 4, 1, 'PDF'),
(101, 'The Crew Tournament Rules', 'news', 'Official competitive play guidelines', 'https://boardgamegeek.com/article/crew-tournament', 3, 2, 42, 14, 1, NULL),
(102, 'Patchwork Quilt Board', 'image', 'Beautiful completed quilt patterns', 'https://cf.geekdo-images.com/RDOwMRBnIb3Ehl6GyXj9xg__imagepage/img/QSGpJxYIxh7WGAY4lqoOQ5fLAmU=/fit-in/900x600/filters:no_upscale():strip_icc()/pic8669620.jpg', 5, 2, 65, 7, 1, 'JPG'),
(102, 'Patchwork Pieces', 'image', 'Tetris-like puzzle pieces layout', 'https://cf.geekdo-images.com/patchwork_pieces.jpg', 2, 4, 52, 5, 1, 'JPG'),
(102, 'Patchwork How to Play', 'video', 'Tutorial: How to play Patchwork', '/videos/patchwork_howtoplay.mp4', 6, 1, 75, 8, 1, 'AVI'),
(102, 'Patchwork Review', 'video', 'Patchwork review by PuzzleGamer', '/videos/patchwork_review.mp4', 3, 2, 62, 6, 1, 'AVI'),
(102, 'Patchwork Perfect Puzzling', 'forum', 'The art of efficient quilting', 'https://example.com/review_patchwork1', 8, 3, 48, 8, 1, NULL),
(102, 'Patchwork Advanced Tactics', 'forum', 'Optimizing piece placement', 'https://example.com/strategy_patchwork1', 10, 5, 42, 6, 1, NULL),
(102, 'Patchwork Strategy Guide', 'file', 'Optimal quilting techniques', '/media/patchwork/strategy_en.pdf', 4, 1, 35, 4, 1, 'DOCX'),
(102, 'Patchwork Piece Guide', 'file', 'Complete piece reference', '/media/patchwork/pieces_en.pdf', 1, 4, 28, 3, 1, 'PDF'),
(102, 'Patchwork Digital Edition', 'news', 'Puzzle perfection comes to tablets', 'https://boardgamegeek.com/article/patchwork-digital', 7, 3, 38, 12, 1, NULL),
(103, '7 Wonders Duel Cards', 'image', 'Age cards and wonder boards for two', 'https://cf.geekdo-images.com/zdagMskTF7wJBPjX74XsRw__imagepage/img/5TqAUUpfEkTLPpOZLbShgOlJCRY=/fit-in/900x600/filters:no_upscale():strip_icc()/pic2576399.jpg', 9, 3, 78, 9, 1, 'PNG'),
(103, '7 Wonders Duel Setup', 'image', 'Card pyramid and progress tokens', 'https://cf.geekdo-images.com/7wd_setup.jpg', 5, 5, 64, 7, 1, 'JPG'),
(103, '7 Wonders Duel How to Play', 'video', 'Tutorial: How to play 7 Wonders Duel', '/videos/7wd_howtoplay.mp4', 8, 1, 92, 10, 1, 'AVI'),
(103, '7 Wonders Duel Review', 'video', '7 Wonders Duel review by TwoPlayerGamer', '/videos/7wd_review.mp4', 9, 2, 85, 8, 1, 'MP4'),
(103, '7 Wonders Duel Two-Player Perfect', 'forum', 'Why this beats the original', 'https://example.com/review_7wd1', 7, 4, 68, 12, 1, NULL),
(103, '7 Wonders Duel Victory Paths', 'forum', 'Three ways to win explained', 'https://example.com/strategy_7wd1', 5, 6, 58, 9, 1, NULL),
(103, '7 Wonders Duel Strategy Guide', 'file', 'Advanced two-player tactics', '/media/7wd/strategy_en.pdf', 4, 1, 45, 6, 1, 'PDF'),
(103, '7 Wonders Duel Card Reference', 'file', 'Complete card and wonder guide', '/media/7wd/cards_en.pdf', 2, 5, 38, 4, 1, 'DOCX'),
(103, '7 Wonders Duel Expansion Preview', 'news', 'New wonders and mechanics announced', 'https://boardgamegeek.com/article/7wd-expansion', 3, 4, 52, 16, 1, NULL),
(104, 'Castles of Burgundy Estates', 'image', 'Player estates with completed tiles', 'https://cf.geekdo-images.com/VrNrk7XVU1hN0j1ZFhjcjw__imagepage/img/w_2nTmqbLCcaZxDIiVePOdUKW6k=/fit-in/900x600/filters:no_upscale():strip_icc()/pic4934938.jpg', 10, 4, 82, 10, 1, 'JPG'),
(104, 'Castles of Burgundy Dice', 'image', 'Dice and action selection mechanics', 'https://cf.geekdo-images.com/burgundy_dice.jpg', 6, 6, 68, 8, 1, 'PNG'),
(104, 'Castles of Burgundy How to Play', 'video', 'Tutorial: How to play Castles of Burgundy', '/videos/burgundy_howtoplay.mp4', 1, 1, 98, 11, 1, 'AVI'),
(104, 'Castles of Burgundy Review', 'video', 'Castles of Burgundy review by EuroExpert', '/videos/burgundy_review.mp4', 8, 2, 89, 9, 1, 'AVI'),
(104, 'Castles of Burgundy Timeless Design', 'forum', 'Why this euro classic endures', 'https://example.com/review_burgundy1', 7, 5, 72, 14, 1, NULL),
(104, 'Castles of Burgundy Optimization', 'forum', 'Maximizing estate efficiency', 'https://example.com/strategy_burgundy1', 4, 7, 65, 11, 1, NULL),
(104, 'Castles of Burgundy Strategy Guide', 'file', 'Advanced estate management', '/media/burgundy/strategy_en.pdf', 5, 1, 52, 7, 1, 'DOCX'),
(104, 'Castles of Burgundy Tile Guide', 'file', 'Complete tile reference', '/media/burgundy/tiles_en.pdf', 10, 6, 45, 5, 1, 'PDF'),
(104, 'Castles of Burgundy 20th Anniversary', 'news', 'Special edition celebrates two decades', 'https://boardgamegeek.com/article/burgundy-anniversary', 9, 5, 58, 18, 1, NULL),
(105, 'Everdell Tree and Board', 'image', 'The magnificent tree and game board', 'https://cf.geekdo-images.com/fjE7V5LNq31yVEW_yuqI-Q__imagepage/img/fIlxDV7TIg_Doz34gBcdqN2CNBM=/fit-in/900x600/filters:no_upscale():strip_icc()/pic3918905.png', 3, 5, 88, 11, 1, 'PNG'),
(105, 'Everdell Critter Cards', 'image', 'Adorable forest creature cards', 'https://cf.geekdo-images.com/everdell_critters.jpg', 1, 7, 74, 9, 1, 'PNG'),
(105, 'Everdell How to Play', 'video', 'Tutorial: How to play Everdell', '/videos/everdell_howtoplay.mp4', 6, 1, 105, 12, 1, 'MP4'),
(105, 'Everdell Review', 'video', 'Everdell review by NatureGamer', '/videos/everdell_review.mp4', 2, 2, 92, 10, 1, 'AVI'),
(105, 'Everdell Charming Woodland', 'forum', 'Production quality meets gameplay', 'https://example.com/review_everdell1', 8, 6, 78, 15, 1, NULL),
(105, 'Everdell Engine Building', 'forum', 'Building your forest city', 'https://example.com/strategy_everdell1', 5, 8, 68, 12, 1, NULL),
(105, 'Everdell Strategy Guide', 'file', 'Woodland city building tactics', '/media/everdell/strategy_en.pdf', 3, 1, 58, 8, 1, 'PDF'),
(105, 'Everdell Card Guide', 'file', 'Complete critter and construction reference', '/media/everdell/cards_en.pdf', 6, 7, 52, 6, 1, 'PDF'),
(105, 'Everdell Animated Series', 'news', 'Woodland creatures get their own show', 'https://boardgamegeek.com/article/everdell-series', 2, 6, 68, 22, 1, NULL),
(106, 'Pandemic Legacy Board Evolution', 'image', 'Board showing legacy changes over time', 'https://cf.geekdo-images.com/-Qer2BBPG7qGGDu6KcVDIw__imagepage/img/iJvNcMrCNa0bQAWBu2Y6fJOhSdo=/fit-in/900x600/filters:no_upscale():strip_icc()/pic2452831.png', 1, 6, 95, 12, 1, 'PNG'),
(106, 'Pandemic Legacy Stickers', 'image', 'Legacy stickers and permanent changes', 'https://cf.geekdo-images.com/pandemic_legacy.jpg', 4, 8, 82, 10, 1, 'PNG'),
(106, 'Pandemic Legacy How to Play', 'video', 'Tutorial: How to play Pandemic Legacy', '/videos/pandemic_legacy_howtoplay.mp4', 10, 1, 118, 14, 1, 'AVI'),
(106, 'Pandemic Legacy Review', 'video', 'Pandemic Legacy review by LegacyFan', '/videos/pandemic_legacy_review.mp4', 9, 2, 108, 12, 1, 'MP4'),
(106, 'Pandemic Legacy Revolutionary', 'forum', 'How legacy changed board gaming', 'https://example.com/review_pandemic_legacy1', 7, 7, 89, 18, 1, NULL),
(106, 'Pandemic Legacy Campaign Tips', 'forum', 'Maximizing your campaign experience', 'https://example.com/strategy_pandemic_legacy1', 7, 9, 78, 15, 1, NULL),
(106, 'Pandemic Legacy Campaign Guide', 'file', 'Spoiler-free campaign advice', '/media/pandemic_legacy/campaign_en.pdf', 9, 1, 65, 9, 1, 'PDF'),
(106, 'Pandemic Legacy Strategy Tips', 'file', 'Advanced cooperative tactics', '/media/pandemic_legacy/strategy_en.pdf', 3, 8, 58, 7, 1, 'PDF'),
(106, 'Pandemic Legacy Season 3 Teased', 'news', 'Third season hints at new mechanics', 'https://boardgamegeek.com/article/pandemic-legacy-s3', 2, 7, 75, 25, 1, NULL),
(107, 'Cryptid Clue Tokens', 'image', 'Evidence cubes and structure markers', 'https://cf.geekdo-images.com/qrPLpAnhFgc470ZRuXlvbg__imagepage/img/zy23Rqb1MyCo0fxsofz3MjUdSx8=/fit-in/900x600/filters:no_upscale():strip_icc()/pic4037705.jpg', 6, 7, 68, 8, 1, 'PNG'),
(107, 'Cryptid Game Board', 'image', 'Modular board with terrain features', 'https://cf.geekdo-images.com/cryptid_board.jpg', 5, 9, 54, 6, 1, 'PNG'),
(107, 'Cryptid How to Play', 'video', 'Tutorial: How to play Cryptid', '/videos/cryptid_howtoplay.mp4', 1, 1, 72, 9, 1, 'MP4'),
(107, 'Cryptid Review', 'video', 'Cryptid review by DeductionMaster', '/videos/cryptid_review.mp4', 8, 2, 65, 7, 1, 'AVI'),
(107, 'Cryptid Deduction Mastery', 'forum', 'Pure logic in board game form', 'https://example.com/review_cryptid1', 10, 8, 52, 10, 1, NULL),
(107, 'Cryptid Advanced Logic', 'forum', 'Complex deduction strategies', 'https://example.com/strategy_cryptid1', 4, 10, 45, 8, 1, NULL),
(107, 'Cryptid Deduction Guide', 'file', 'Logical reasoning techniques', '/media/cryptid/deduction_en.pdf', 7, 1, 38, 5, 1, 'PDF'),
(107, 'Cryptid Clue Reference', 'file', 'All possible clue combinations', '/media/cryptid/clues_en.pdf', 6, 9, 32, 4, 1, 'PDF'),
(107, 'Cryptid Sequel Announced', 'news', 'New creatures and expanded deduction', 'https://boardgamegeek.com/article/cryptid-sequel', 5, 8, 42, 15, 1, NULL),
(108, 'Colt Express Train Cars', 'image', '3D train with bandits and loot', 'https://cf.geekdo-images.com/hfPtaTKz50Qz4UHD9F9Ipw__imagepage/img/nN-L-ZzXE6HEBmGpGCkMQjAWgdE=/fit-in/900x600/filters:no_upscale():strip_icc()/pic2869710.jpg', 4, 8, 75, 9, 1, 'PNG'),
(108, 'Colt Express Action Cards', 'image', 'Bandit cards and action programming', 'https://cf.geekdo-images.com/colt_cards.jpg', 1, 10, 62, 7, 1, 'PNG'),
(108, 'Colt Express How to Play', 'video', 'Tutorial: How to play Colt Express', '/videos/colt_howtoplay.mp4', 8, 1, 82, 10, 1, 'AVI'),
(108, 'Colt Express Review', 'video', 'Colt Express review by WildWestGamer', '/videos/colt_review.mp4', 10, 2, 75, 8, 1, 'AVI'),
(108, 'Colt Express Wild West Fun', 'forum', 'Thematic chaos at its finest', 'https://example.com/review_colt1', 2, 9, 58, 12, 1, NULL),
(108, 'Colt Express Programming Tips', 'forum', 'Planning in the chaos', 'https://example.com/strategy_colt1', 9, 1, 52, 9, 1, NULL),
(108, 'Colt Express Action Guide', 'file', 'Mastering action programming', '/media/colt/actions_en.pdf', 3, 1, 42, 6, 1, 'DOCX'),
(108, 'Colt Express Bandit Guide', 'file', 'All bandit abilities explained', '/media/colt/bandits_en.pdf', 9, 10, 35, 4, 1, 'DOCX'),
(108, 'Colt Express Movie Rights Sold', 'news', 'Wild West heist comes to Hollywood', 'https://boardgamegeek.com/article/colt-movie', 4, 9, 58, 18, 1, NULL),
(109, 'Here to Slay Party Setup', 'image', 'Player hands with hero and monster cards', 'https://cf.geekdo-images.com/uowlvfPFcpw_8Tx_IQXZuQ__imagepage/img/fF5m7m3bHD7FPl3xPqrzEaVf8Qk=/fit-in/900x600/filters:no_upscale():strip_icc()/pic6042683.png', 2, 9, 65, 8, 1, 'PNG'),
(109, 'Here to Slay Hero Cards', 'image', 'Fantasy heroes and their abilities', 'https://cf.geekdo-images.com/slay_heroes.jpg', 8, 1, 52, 6, 1, 'JPG'),
(109, 'Here to Slay How to Play', 'video', 'Tutorial: How to play Here to Slay', '/videos/slay_howtoplay.mp4', 1, 1, 68, 8, 1, 'MP4'),
(109, 'Here to Slay Review', 'video', 'Here to Slay review by FantasyGamer', '/videos/slay_review.mp4', 3, 2, 58, 6, 1, 'AVI'),
(109, 'Here to Slay Party Dynamics', 'forum', 'Social deduction meets fantasy', 'https://example.com/review_slay1', 6, 10, 45, 9, 1, NULL),
(109, 'Here to Slay Strategy', 'forum', 'Building the perfect party', 'https://example.com/strategy_slay1', 7, 2, 38, 7, 1, NULL),
(109, 'Here to Slay Party Guide', 'file', 'Hero combinations and tactics', '/media/slay/party_en.pdf', 5, 1, 32, 4, 1, 'PDF'),
(109, 'Here to Slay Card Reference', 'file', 'All heroes and monsters explained', '/media/slay/cards_en.pdf', 10, 1, 28, 3, 1, 'DOCX'),
(109, 'Here to Slay Expansion Pack', 'news', 'New heroes and monsters announced', 'https://boardgamegeek.com/article/slay-expansion', 4, 10, 38, 12, 1, NULL),
(110, 'Legends of Andor Heroes', 'image', 'Hero figures and their special abilities', 'https://cf.geekdo-images.com/camo_cards/img/iVf4xtaRCo8A4LJOmDUW4bFhEsc=/fit-in/900x600/filters:no_upscale():strip_icc()/pic1438307.jpg', 7, 10, 72, 8, 1, 'JPG'),
(110, 'Legends of Andor Board', 'image', 'Fantasy kingdom with quest locations', 'https://cf.geekdo-images.com/andor_board.jpg', 2, 2, 58, 6, 1, 'PNG'),
(110, 'Legends of Andor How to Play', 'video', 'Tutorial: How to play Legends of Andor', '/videos/andor_howtoplay.mp4', 1, 1, 78, 9, 1, 'MP4'),
(110, 'Legends of Andor Review', 'video', 'Legends of Andor review by QuestMaster', '/videos/andor_review.mp4', 10, 2, 68, 7, 1, 'MP4'),
(110, 'Legends of Andor Storytelling', 'forum', 'Narrative gaming at its best', 'https://example.com/review_andor1', 6, 1, 55, 10, 1, NULL),
(110, 'Legends of Andor Quest Tips', 'forum', 'Completing legendary quests', 'https://example.com/strategy_andor1', 5, 3, 48, 8, 1, NULL),
(110, 'Legends of Andor Quest Guide', 'file', 'Complete legend walkthrough', '/media/andor/quests_en.pdf', 9, 1, 38, 5, 1, 'PDF'),
(110, 'Legends of Andor Hero Guide', 'file', 'Hero abilities and progression', '/media/andor/heroes_en.pdf', 8, 2, 32, 4, 1, 'DOCX'),
(110, 'Legends of Andor TV Series', 'news', 'Fantasy epic adapted for television', 'https://boardgamegeek.com/article/andor-tv', 3, 1, 48, 16, 1, NULL),
(111, 'Akros Island Tiles', 'image', 'Modular island exploration board', 'https://cf.geekdo-images.com/SWEFgWLWyDE3PI6PAgA14w__imagepage/img/Xq3cV2sRvxFpVpwk-PQKYOLRw3E=/fit-in/900x600/filters:no_upscale():strip_icc()/pic5252329.png', 5, 1, 58, 6, 1, 'PNG'),
(111, 'Akros Temple Tokens', 'image', 'Ancient temple discovery markers', 'https://cf.geekdo-images.com/Akros_temples.jpg', 8, 3, 42, 4, 1, 'JPG'),
(111, 'Akros How to Play', 'video', 'Tutorial: How to play Akros', '/videos/Akros_howtoplay.mp4', 3, 1, 62, 7, 1, 'MP4'),
(111, 'Akros Review', 'video', 'Akros review by ArchaeologyFan', '/videos/Akros_review.mp4', 2, 2, 55, 5, 1, 'AVI'),
(111, 'Akros Archaeological Adventure', 'forum', 'Discovery and deduction combined', 'https://example.com/review_Akros1', 1, 2, 42, 7, 1, NULL),
(111, 'Akros Exploration Strategy', 'forum', 'Efficient island mapping', 'https://example.com/strategy_Akros1', 9, 4, 35, 5, 1, NULL),
(111, 'Akros Exploration Guide', 'file', 'Temple discovery strategies', '/media/Akros/exploration_en.pdf', 7, 1, 28, 3, 1, 'PDF'),
(111, 'Akros Map Reference', 'file', 'All island tile combinations', '/media/Akros/maps_en.pdf', 10, 3, 22, 2, 1, 'DOCX'),
(111, 'Akros Documentary Feature', 'news', 'Real archaeological site explored', 'https://boardgamegeek.com/article/Akros-documentary', 6, 2, 32, 10, 1, NULL),
(112, 'Bloodborne Hunter Miniatures', 'image', 'Detailed hunter figures and weapons', 'https://cf.geekdo-images.com/clKFvn2bUUPby62eSmc-ig__imagepage/img/jHMmVUpgf5Ac0TQWGwl9rJDVhJM=/fit-in/900x600/filters:no_upscale():strip_icc()/pic4757839.png', 4, 2, 78, 9, 1, 'PNG'),
(112, 'Bloodborne Chalice Dungeon', 'image', 'Modular dungeon tiles and monsters', 'https://cf.geekdo-images.com/bloodborne_dungeon.jpg', 10, 4, 65, 7, 1, 'PNG'),
(112, 'Bloodborne How to Play', 'video', 'Tutorial: How to play Bloodborne', '/videos/bloodborne_howtoplay.mp4', 8, 1, 88, 10, 1, 'MP4'),
(112, 'Bloodborne Review', 'video', 'Bloodborne review by SoulsGamer', '/videos/bloodborne_review.mp4', 6, 2, 82, 8, 1, 'MP4'),
(112, 'Bloodborne Dark Atmosphere', 'forum', 'Horror gaming excellence', 'https://example.com/review_bloodborne1', 9, 3, 65, 12, 1, NULL),
(112, 'Bloodborne Hunter Builds', 'forum', 'Optimal character strategies', 'https://example.com/strategy_bloodborne1', 1, 5, 58, 9, 1, NULL),
(112, 'Bloodborne Hunter Guide', 'file', 'Complete hunter class breakdown', '/media/bloodborne/hunters_en.pdf', 3, 1, 48, 6, 1, 'PDF'),
(112, 'Bloodborne Dungeon Guide', 'file', 'Chalice dungeon strategies', '/media/bloodborne/dungeons_en.pdf', 4, 4, 42, 5, 1, 'DOCX'),
(112, 'Bloodborne Video Game Sequel', 'news', 'New video game announced', 'https://boardgamegeek.com/article/bloodborne-sequel', 5, 3, 68, 20, 1, NULL),
(113, 'Kemet Egyptian Armies', 'image', 'Egyptian troops and divine powers', 'https://cf.geekdo-images.com/RmZjhy7_6REp8IaXh9Zqwg__imagepage/img/4N2-QGu2t9eOc_DGWnQdLNh-xXc=/fit-in/900x600/filters:no_upscale():strip_icc()/pic3979527.jpg', 2, 3, 72, 8, 1, 'JPG'),
(113, 'Kemet Power Tiles', 'image', 'Divine power upgrade tiles', 'https://cf.geekdo-images.com/kemet_powers.jpg', 7, 5, 58, 6, 1, 'PNG'),
(113, 'Kemet How to Play', 'video', 'Tutorial: How to play Kemet', '/videos/kemet_howtoplay.mp4', 8, 1, 82, 9, 1, 'AVI'),
(113, 'Kemet Review', 'video', 'Kemet review by MythologyGamer', '/videos/kemet_review.mp4', 3, 2, 75, 7, 1, 'MP4'),
(113, 'Kemet Divine Warfare', 'forum', 'Mythology meets strategy', 'https://example.com/review_kemet1', 7, 4, 58, 10, 1, NULL),
(113, 'Kemet Power Strategies', 'forum', 'Mastering divine abilities', 'https://example.com/strategy_kemet1', 6, 6, 52, 8, 1, NULL),
(113, 'Kemet Power Guide', 'file', 'All divine powers explained', '/media/kemet/powers_en.pdf', 2, 1, 42, 5, 1, 'PDF'),
(113, 'Kemet Strategy Manual', 'file', 'Advanced warfare tactics', '/media/kemet/strategy_en.pdf', 4, 5, 35, 4, 1, 'PDF'),
(113, 'Kemet Mythology Documentary', 'news', 'Egyptian mythology deep dive', 'https://boardgamegeek.com/article/kemet-mythology', 10, 4, 45, 14, 1, NULL),
(114, 'Evolversi Male Mutation Cards', 'image', 'Hilarious evolution mishaps', 'https://cf.geekdo-images.com/9MkqsvemLpZElwjZPbyodA__imagepage/img/UpiuABXcgoFsECHiXGLlLVvBkYE=/fit-in/900x600/filters:no_upscale():strip_icc()/pic8159039.jpg', 5, 4, 52, 7, 1, 'PNG'),
(114, 'Evolversi Male Species Board', 'image', 'Player boards with terrible mutations', 'https://cf.geekdo-images.com/evolversi_board.jpg', 1, 6, 38, 5, 1, 'JPG'),
(114, 'Evolversi Male How to Play', 'video', 'Tutorial: How to play Evolversi Male', '/videos/evolversi_howtoplay.mp4', 9, 1, 58, 8, 1, 'MP4'),
(114, 'Evolversi Male Review', 'video', 'Evolversi Male review by ComedyGamer', '/videos/evolversi_review.mp4', 6, 2, 48, 6, 1, 'AVI'),
(114, 'Evolversi Male Comedy Gold', 'forum', 'Evolution has never been so funny', 'https://example.com/review_evolversi1', 3, 5, 35, 8, 1, NULL),
(114, 'Evolversi Male Strategy Tips', 'forum', 'Winning through terrible choices', 'https://example.com/strategy_evolversi1', 8, 7, 28, 6, 1, NULL),
(114, 'Evolversi Male Comedy Guide', 'file', 'Maximizing the humor factor', '/media/evolversi/comedy_en.pdf', 2, 1, 25, 3, 1, 'PDF'),
(114, 'Evolversi Male Mutation Reference', 'file', 'All possible bad mutations', '/media/evolversi/mutations_en.pdf', 1, 6, 22, 2, 1, 'PDF'),
(114, 'Evolversi Male Sequel Confirmed', 'news', 'More evolutionary disasters coming', 'https://boardgamegeek.com/article/evolversi-sequel', 10, 5, 32, 12, 1, NULL),
(115, 'Intrighi a Corte Noble Courts', 'image', 'Royal court intrigue and politics', 'https://cf.geekdo-images.com/intrighi_court.jpg', 7, 5, 62, 7, 1, 'PNG'),
(115, 'Intrighi a Corte Intrigue Cards', 'image', 'Secret alliances and blackmail cards', 'https://cf.geekdo-images.com/intrighi_cards.jpg', 4, 7, 48, 5, 1, 'PNG'),
(115, 'Intrighi a Corte How to Play', 'video', 'Tutorial: How to play Intrighi a Corte', '/videos/intrighi_howtoplay.mp4', 9, 1, 68, 8, 1, 'MP4'),
(115, 'Intrighi a Corte Review', 'video', 'Intrighi a Corte review by PoliticalGamer', '/videos/intrighi_review.mp4', 5, 2, 58, 6, 1, 'MP4'),
(115, 'Intrighi a Corte Court Politics', 'forum', 'Machiavellian gameplay at its finest', 'https://example.com/review_intrighi1', 3, 6, 45, 9, 1, NULL),
(115, 'Intrighi a Corte Manipulation Tactics', 'forum', 'Advanced political strategies', 'https://example.com/strategy_intrighi1', 4, 8, 38, 7, 1, NULL),
(115, 'Intrighi a Corte Political Guide', 'file', 'Mastering court manipulation', '/media/intrighi/politics_en.pdf', 7, 1, 32, 4, 1, 'PDF'),
(115, 'Intrighi a Corte Intrigue Reference', 'file', 'All intrigue cards explained', '/media/intrighi/intrigue_en.pdf', 1, 7, 28, 3, 1, 'DOCX'),
(115, 'Intrighi a Corte Historical Series', 'news', 'Renaissance politics inspire new show', 'https://boardgamegeek.com/article/intrighi-series', 5, 6, 42, 15, 1, NULL);

INSERT INTO media (boardgame_id, title, media_type, description, uri, category_id, uploader_user_id, n_likes, n_comments, language_id, format) VALUES
(91, 'Carcassonne Gameplay Tutorial', 'video', 'Learn how to play Carcassonne with this comprehensive tutorial', '/videos/carcassonne_tutorial.mp4', 1, 3, 124, 18, 1, 'MP4'),
(91, 'Carcassonne Strategy Guide', 'video', 'Advanced strategies and tips for winning at Carcassonne', '/videos/carcassonne_strategy.mp4', 2, 7, 89, 12, 1, 'MP4'),
(92, 'Terraforming Mars Overview', 'video', 'Complete overview of Terraforming Mars gameplay and mechanics', '/videos/terraforming_mars_overview.mp4', 1, 2, 156, 24, 1, 'MP4'),
(92, 'Terraforming Mars Corporation Guide', 'video', 'Guide to choosing and playing different corporations', '/videos/terraforming_mars_corps.mp4', 3, 5, 98, 15, 1, 'AVI'),
(93, 'Scythe Rules Explanation', 'video', 'Detailed explanation of Scythe rules and setup', '/videos/scythe_rules.mp4', 1, 1, 187, 31, 1, 'AVI'),
(93, 'Scythe Faction Analysis', 'video', 'Analysis of different factions and their unique abilities', '/videos/scythe_factions.mp4', 3, 9, 142, 22, 1, 'MP4'),
(94, 'Dominion Deck Building Basics', 'video', 'Introduction to deck building in Dominion', '/videos/dominion_basics.mp4', 1, 4, 203, 28, 1, 'MP4'),
(94, 'Dominion Advanced Combos', 'video', 'Advanced card combinations and strategies', '/videos/dominion_combos.mp4', 2, 6, 165, 19, 1, 'AVI'),
(95, 'Root Asymmetric Gameplay', 'video', 'Understanding the asymmetric nature of Root', '/videos/root_asymmetric.mp4', 1, 8, 134, 26, 1, 'AVI'),
(95, 'Root Faction Breakdown', 'video', 'Detailed breakdown of each faction in Root', '/videos/root_factions.mp4', 3, 11, 117, 17, 1, 'AVI'),
(96, 'Spirit Island Cooperative Play', 'video', 'Guide to cooperative gameplay in Spirit Island', '/videos/spirit_island_coop.mp4', 1, 3, 145, 23, 1, 'MP4'),
(96, 'Spirit Island Spirit Powers', 'video', 'Overview of different spirit powers and abilities', '/videos/spirit_island_powers.mp4', 2, 7, 109, 14, 1, 'AVI'),
(97, 'Pax Pamir Strategy Overview', 'video', 'Strategic overview of Pax Pamir Second Edition', '/videos/pax_pamir_strategy.mp4', 1, 5, 78, 11, 1, 'MP4'),
(97, 'Pax Pamir Historical Context', 'video', 'Historical background and theme of Pax Pamir', '/videos/pax_pamir_history.mp4', 4, 2, 92, 16, 1, 'AVI'),
(98, 'Heat Racing Mechanics', 'video', 'Understanding the racing mechanics in Heat', '/videos/heat_mechanics.mp4', 1, 9, 156, 21, 1, 'AVI'),
(98, 'Heat Advanced Racing Tips', 'video', 'Advanced tips for winning races in Heat', '/videos/heat_tips.mp4', 2, 4, 128, 18, 1, 'MP4'),
(99, 'The Crew Deep Sea Rules', 'video', 'Rules explanation for The Crew: Mission Deep Sea', '/videos/crew_deep_sea_rules.mp4', 1, 6, 89, 13, 1, 'AVI'),
(99, 'The Crew Communication Tips', 'video', 'Tips for effective communication in The Crew', '/videos/crew_communication.mp4', 2, 10, 74, 9, 1, 'MP4'),
(100, 'Exploding Kittens Quick Start', 'video', 'Quick start guide to Exploding Kittens', 'https://i.ytimg.com/vi/5uOZWVOxJRQ/hq720.jpg?sqp=-oaymwEhCK4FEIIDSFryq4qpAxMIARUAAAAAGAElAADIQj0AgKJD&rs=AOn4CLCE5B_uWVvZZ4lf0HwFNJC4fg-qwQ', 1, 1, 234, 32, 1, 'MP4'),
(100, 'Exploding Kittens Party Tips', 'video', 'Tips for hosting an Exploding Kittens party', 'https://i.ytimg.com/vi/mRrlsWPoWM8/sddefault.jpg', 5, 8, 187, 25, 1, 'AVI'),
(101, 'The Crew Trick Taking Guide', 'video', 'Guide to trick-taking mechanics in The Crew', '/videos/crew_tricks.mp4', 1, 3, 167, 22, 1, 'AVI'),
(101, 'The Crew Mission Strategies', 'video', 'Strategies for completing difficult missions', '/videos/crew_missions.mp4', 2, 7, 143, 19, 1, 'AVI'),
(102, 'Patchwork Tile Strategy', 'video', 'Strategic guide to tile placement in Patchwork', '/videos/patchwork_strategy.mp4', 1, 5, 198, 27, 1, 'AVI'),
(102, 'Patchwork Two Player Tips', 'video', 'Tips for two-player gameplay in Patchwork', '/videos/patchwork_tips.mp4', 2, 11, 156, 20, 1, 'MP4'),
(103, '7 Wonders Duel Setup Guide', 'video', 'Complete setup guide for 7 Wonders Duel', '/videos/7_wonders_duel_setup.mp4', 1, 2, 145, 18, 1, 'AVI'),
(103, '7 Wonders Duel Victory Paths', 'video', 'Understanding the three paths to victory', '/videos/7_wonders_duel_victory.mp4', 3, 9, 132, 16, 1, 'AVI'),
(104, 'Castles of Burgundy Overview', 'video', 'Complete gameplay overview of Castles of Burgundy', '/videos/burgundy_overview.mp4', 1, 4, 178, 24, 1, 'MP4'),
(104, 'Castles of Burgundy Scoring Guide', 'video', 'Guide to maximizing points in Castles of Burgundy', '/videos/burgundy_scoring.mp4', 2, 6, 134, 17, 1, 'MP4'),
(105, 'Everdell Seasonal Play', 'video', 'Understanding the seasons in Everdell', '/videos/everdell_seasons.mp4', 1, 8, 189, 26, 1, 'AVI'),
(105, 'Everdell Card Combos', 'video', 'Effective card combinations in Everdell', '/videos/everdell_combos.mp4', 3, 1, 167, 21, 1, 'MP4'),
(106, 'Pandemic Legacy Campaign Guide', 'video', 'Guide to playing the Pandemic Legacy campaign', '/videos/pandemic_legacy_guide.mp4', 1, 10, 201, 29, 1, 'AVI'),
(106, 'Pandemic Legacy Spoiler-Free Tips', 'video', 'Spoiler-free tips for Pandemic Legacy', '/videos/pandemic_legacy_tips.mp4', 2, 3, 154, 19, 1, 'AVI'),
(107, 'Cryptid Deduction Basics', 'video', 'Basic deduction strategies in Cryptid', '/videos/cryptid_deduction.mp4', 1, 7, 123, 15, 1, 'AVI'),
(107, 'Cryptid Advanced Logic', 'video', 'Advanced logical reasoning in Cryptid', '/videos/cryptid_logic.mp4', 2, 5, 98, 12, 1, 'MP4'),
(108, 'Colt Super Express Train Heist', 'video', 'Guide to the train heist mechanics', '/videos/colt_express_heist.mp4', 1, 11, 145, 18, 1, 'MP4'),
(108, 'Colt Super Express Character Guide', 'video', 'Overview of different bandit characters', '/videos/colt_express_characters.mp4', 3, 2, 112, 14, 1, 'AVI'),
(109, 'Here to Slay Party Mechanics', 'video', 'Understanding party building in Here to Slay', '/videos/here_to_slay_party.mp4', 1, 9, 167, 22, 1, 'AVI'),
(109, 'Here to Slay Monster Battle Guide', 'video', 'Guide to battling monsters effectively', '/videos/here_to_slay_monsters.mp4', 2, 4, 134, 17, 1, 'AVI'),
(110, 'Andor Cooperative Adventure', 'video', 'Introduction to cooperative gameplay in Andor', '/videos/andor_coop.mp4', 1, 6, 89, 13, 1, 'AVI'),
(110, 'Andor Character Abilities', 'video', 'Overview of different character abilities', '/videos/andor_characters.mp4', 3, 8, 76, 10, 1, 'AVI'),
(111, 'Akros Strategy Overview', 'video', 'Strategic overview of Akros gameplay', '/videos/akros_strategy.mp4', 1, 1, 92, 11, 1, 'MP4'),
(111, 'Akros Advanced Tactics', 'video', 'Advanced tactical play in Akros', '/videos/akros_tactics.mp4', 2, 7, 78, 9, 1, 'MP4'),
(112, 'Bloodborne Board Game Combat', 'video', 'Combat mechanics in Bloodborne board game', '/videos/bloodborne_combat.mp4', 1, 10, 156, 20, 1, 'AVI'),
(112, 'Bloodborne Hunter Builds', 'video', 'Different hunter builds and strategies', '/videos/bloodborne_hunters.mp4', 3, 3, 134, 16, 1, 'AVI'),
(113, 'Kemet Power Tile Strategy', 'video', 'Strategic use of power tiles in Kemet', '/videos/kemet_powers.mp4', 1, 5, 167, 21, 1, 'AVI'),
(113, 'Kemet Battle Tactics', 'video', 'Effective battle tactics in Kemet', '/videos/kemet_battle.mp4', 2, 11, 145, 18, 1, 'MP4'),
(114, 'Evolversi Male Gameplay Overview', 'video', 'Complete overview of Evolversi Male', '/videos/evolversi_male_overview.mp4', 1, 2, 89, 12, 1, 'AVI'),
(114, 'Evolversi Male Strategy Tips', 'video', 'Strategic tips for Evolversi Male', '/videos/evolversi_male_tips.mp4', 2, 9, 76, 8, 1, 'AVI'),
(115, 'Intrighi a Corte Court Politics', 'video', 'Understanding court politics mechanics', '/videos/intrighi_politics.mp4', 1, 4, 112, 14, 1, 'MP4'),
(115, 'Intrighi a Corte Intrigue Guide', 'video', 'Guide to creating effective intrigues', '/videos/intrighi_guide.mp4', 2, 6, 98, 11, 1, 'MP4');



INSERT INTO comments (media_id, user_id, text_comment) VALUES 
(1, 2, 'Great clarification on the landing mechanics!'),
(1, 3, 'This helped me understand the communication rules better.'),
(2, 1, 'Excellent tutorial, very clear explanations.'),
(3, 4, 'This strategy guide is incredibly detailed and helpful.'),
(4, 5, 'Best Wingspan review I have seen so far.'),
(6, 1, 'These tile placement tips really improved my game.'),
(7, 3, 'Love these variant ideas, makes the game more challenging.'),
(8, 2, 'Trading strategies that actually work in practice!'),
(335, 5, 'Carcassonne always remains a timeless classic!'),
(336, 11, 'Tile placement strategies are fundamental.'),
(344, 8, 'Terraforming Mars has perfect complexity for strategic games.'),
(345, 4, 'Corporation management in this game is brilliant.'),
(353, 3, 'Scythe perfectly combines mechanics and theme, absolute masterpiece.'),
(354, 6, 'Asymmetric factions make each game unique and balanced.'),
(362, 9, 'Dominion invented deck building, a must for every collection.'),
(363, 11, 'Card combinations in Dominion are infinite and always surprising.'),
(371, 3, 'Root is the best example of asymmetric design ever created.'),
(372, 6, 'Each faction in Root requires a completely different strategy.'),
(380, 2, 'Spirit Island is cooperative gaming done to perfection, challenging but fair.'),
(381, 7, 'Spirit Island complexity pays off with incredible gameplay.'),
(389, 7, 'Pax Pamir perfectly captures the historical atmosphere of the Great Game.'),
(390, 2, 'A game that makes you truly feel part of Afghan history.'),
(398, 10, 'Heat: finally a racing game that actually works really well!'),
(399, 5, 'Heat management adds tension to every corner.'),
(407, 4, 'The Crew proves you can innovate even in trick-taking games.'),
(408, 8, 'Silent communication in The Crew is brilliant and frustrating.'),
(416, 1, 'Exploding Kittens: simple but absolutely fun for family nights.'),
(417, 3, 'A party game that always works, regardless of the group.');

INSERT INTO user_boardgame_interaction (user_id, boardgame_id, owns, rating, liked) VALUES 
(1, 1, TRUE, 9, TRUE),
(1, 2, TRUE, 8, TRUE),
(1, 3, TRUE, 10, TRUE),
(2, 1, FALSE, 8, TRUE),
(2, 2, TRUE, 9, TRUE),
(2, 5, TRUE, 7, FALSE),
(3, 4, TRUE, 8, TRUE),
(3, 8, TRUE, 7, FALSE),
(4, 1, TRUE, 9, TRUE),
(4, 5, TRUE, 8, TRUE),
(5, 3, TRUE, 9, TRUE),
(5, 10, TRUE, 6, FALSE),
(1, 91, TRUE, 8, TRUE),
(2, 91, FALSE, 7, FALSE),
(3, 92, TRUE, 9, TRUE),
(4, 92, FALSE, 8, TRUE),
(5, 93, TRUE, 10, TRUE),
(6, 93, FALSE, 9, TRUE),
(7, 94, TRUE, 7, FALSE),
(8, 94, FALSE, 8, TRUE),
(9, 95, TRUE, 9, TRUE),
(10, 95, FALSE, 8, TRUE),
(11, 96, TRUE, 10, TRUE),
(1, 96, FALSE, 9, TRUE),
(2, 97, TRUE, 8, TRUE),
(3, 97, FALSE, 7, FALSE),
(4, 98, TRUE, 9, TRUE),
(5, 98, FALSE, 8, TRUE),
(6, 99, TRUE, 8, TRUE),
(7, 99, FALSE, 7, FALSE),
(8, 100, TRUE, 6, FALSE),
(1, 100, FALSE, 7, FALSE),
(2, 101, TRUE, 8, TRUE),
(3, 101, FALSE, 7, FALSE),
(4, 102, TRUE, 9, TRUE),
(5, 102, FALSE, 8, TRUE),
(6, 103, TRUE, 9, TRUE),
(7, 103, FALSE, 8, TRUE),
(8, 104, TRUE, 10, TRUE),
(9, 104, FALSE, 9, TRUE),
(10, 105, TRUE, 8, TRUE),
(11, 105, FALSE, 7, FALSE),
(1, 106, TRUE, 10, TRUE),
(2, 106, FALSE, 9, TRUE),
(3, 107, TRUE, 7, FALSE),
(4, 107, FALSE, 8, TRUE),
(5, 108, TRUE, 8, TRUE),
(6, 108, FALSE, 7, FALSE),
(7, 109, TRUE, 6, FALSE),
(8, 109, FALSE, 7, FALSE),
(1, 110, TRUE, 8, TRUE),
(2, 110, FALSE, 7, FALSE),
(3, 111, TRUE, 7, FALSE),
(4, 111, FALSE, 6, FALSE),
(5, 112, TRUE, 9, TRUE),
(6, 112, FALSE, 8, TRUE),
(7, 113, TRUE, 8, TRUE),
(8, 113, FALSE, 7, FALSE),
(9, 114, TRUE, 6, FALSE),
(10, 114, FALSE, 5, FALSE),
(11, 115, TRUE, 8, TRUE),
(1, 115, FALSE, 7, FALSE);


-- INSERT INTO related_boardgames (main_boardgame_id, related_boardgame_id) VALUES
-- (1, 2),
-- (1, 3),
-- (1, 4),
-- (1, 5),
-- (1, 6),
-- (1, 7),
-- (1, 8),
-- (2, 1),
-- (2, 3),
-- (2, 4),
-- (2, 5),
-- (2, 6),
-- (2, 7),
-- (2, 9),
-- (3, 1),
-- (3, 2),
-- (3, 4),
-- (3, 5),
-- (3, 6),
-- (3, 8),
-- (3, 10),
-- (4, 1),
-- (4, 2),
-- (4, 3),
-- (4, 5),
-- (4, 6),
-- (4, 7),
-- (4, 9),
-- (5, 1),
-- (5, 2),
-- (5, 3),
-- (5, 4),
-- (5, 6),
-- (5, 8),
-- (5, 10),
-- (6, 1),
-- (6, 2),
-- (6, 3),
-- (6, 4),
-- (6, 5),
-- (6, 7),
-- (6, 9),
-- (7, 1),
-- (7, 2),
-- (7, 3),
-- (7, 4),
-- (7, 5),
-- (7, 6),
-- (7, 8),
-- (8, 1),
-- (8, 2),
-- (8, 3),
-- (8, 4),
-- (8, 5),
-- (8, 6),
-- (8, 9),
-- (9, 1),
-- (9, 2),
-- (9, 3),
-- (9, 4),
-- (9, 5),
-- (9, 6),
-- (9, 10),
-- (10, 1),
-- (10, 2),
-- (10, 3),
-- (10, 4),
-- (10, 5),
-- (10, 7),
-- (10, 8);


INSERT INTO related_boardgames (main_boardgame_id, related_boardgame_id) VALUES
(1, 94), (1, 102), (1, 7), (1, 103), (1, 96), (1, 8), (1, 115),
(2, 105), (2, 3), (2, 92), (2, 113), (2, 6), (2, 91), (2, 104),
(3, 95), (3, 112), (3, 5), (3, 99), (3, 107), (3, 93), (3, 2),
(4, 91), (4, 108), (4, 9), (4, 97), (4, 114), (4, 6), (4, 103),
(5, 99), (5, 101), (5, 96), (5, 3), (5, 110), (5, 112), (5, 8),
(6, 7), (6, 92), (6, 94), (6, 115), (6, 4), (6, 109), (6, 98),
(7, 6), (7, 104), (7, 98), (7, 1), (7, 111), (7, 93), (7, 105),
(8, 1), (8, 94), (8, 102), (8, 113), (8, 5), (8, 91), (8, 97),
(9, 4), (9, 103), (9, 108), (9, 95), (9, 114), (9, 2), (9, 106),
(10, 100), (10, 109), (10, 114), (10, 108), (10, 115), (10, 107), (10, 111),
(91, 4), (91, 8), (91, 102), (91, 105), (91, 2), (91, 103), (91, 97),
(92, 2), (92, 93), (92, 6), (92, 104), (92, 95), (92, 113), (92, 7),
(93, 92), (93, 3), (93, 96), (93, 7), (93, 112), (93, 95), (93, 106),
(94, 1), (94, 8), (94, 102), (94, 6), (94, 103), (94, 91), (94, 9),
(95, 3), (95, 93), (95, 9), (95, 92), (95, 96), (95, 112), (95, 106),
(96, 5), (96, 1), (96, 93), (96, 95), (96, 3), (96, 99), (96, 110),
(97, 4), (97, 8), (97, 91), (97, 113), (97, 115), (97, 111), (97, 107),
(98, 7), (98, 6), (98, 108), (98, 100), (98, 114), (98, 109), (98, 111),
(99, 5), (99, 3), (99, 96), (99, 101), (99, 110), (99, 112), (99, 106),
(100, 10), (100, 98), (100, 109), (100, 114), (100, 108), (100, 115), (100, 111),
(101, 99), (101, 5), (101, 110), (101, 96), (101, 3), (101, 112), (101, 106),
(102, 1), (102, 8), (102, 94), (102, 91), (102, 4), (102, 103), (102, 9),
(103, 9), (103, 4), (103, 102), (103, 1), (103, 94), (103, 91), (103, 104),
(104, 7), (104, 92), (104, 103), (104, 2), (104, 105), (104, 6), (104, 113),
(105, 2), (105, 104), (105, 7), (105, 91), (105, 92), (105, 6), (105, 113),
(106, 5), (106, 99), (106, 93), (106, 95), (106, 3), (106, 96), (106, 112),
(107, 10), (107, 1), (107, 97), (107, 111), (107, 115), (107, 114), (107, 108),
(108, 9), (108, 4), (108, 98), (108, 10), (108, 100), (108, 107), (108, 114),
(109, 10), (109, 100), (109, 6), (109, 98), (109, 114), (109, 108), (109, 115),
(110, 5), (110, 99), (110, 101), (110, 96), (110, 3), (110, 112), (110, 106),
(111, 10), (111, 107), (111, 97), (111, 98), (111, 100), (111, 115), (111, 114),
(112, 3), (112, 5), (112, 93), (112, 95), (112, 96), (112, 99), (112, 110),
(113, 92), (113, 8), (113, 97), (113, 104), (113, 105), (113, 2), (113, 115),
(114, 10), (114, 9), (114, 100), (114, 98), (114, 108), (114, 107), (114, 109),
(115, 6), (115, 1), (115, 97), (115, 113), (115, 107), (115, 10), (115, 111);


INSERT INTO editions (edition_boardgame_id, base_boardgame_id, edition_type) VALUES 
(11, 1, "Expansion"),
(12, 1, "Expansion"),
(13, 1, "Expansion"),
(14, 1, "Version"),
(15, 1, "Version"),
(16, 1, "Version"),
(17, 1, "Version"),
(18, 1, "Version"),
(19, 2, "Expansion"),
(20, 2, "Expansion"),
(21, 2, "Expansion"),
(22, 2, "Version"),
(23, 2, "Version"),
(24, 2, "Version"),
(25, 2, "Version"),
(26, 2, "Version"),
(27, 3, "Expansion"),
(28, 3, "Expansion"),
(29, 3, "Expansion"),
(30, 3, "Version"),
(31, 3, "Version"),
(32, 3, "Version"),
(33, 3, "Version"),
(34, 3, "Version"),
(35, 4, "Expansion"),
(36, 4, "Expansion"),
(37, 4, "Expansion"),
(38, 4, "Version"),
(39, 4, "Version"),
(40, 4, "Version"),
(41, 4, "Version"),
(42, 4, "Version"),
(43, 5, "Expansion"),
(44, 5, "Expansion"),
(45, 5, "Expansion"),
(46, 5, "Version"),
(47, 5, "Version"),
(48, 5, "Version"),
(49, 5, "Version"),
(50, 5, "Version"),
(51, 6, "Expansion"),
(52, 6, "Expansion"),
(53, 6, "Expansion"),
(54, 6, "Version"),
(55, 6, "Version"),
(56, 6, "Version"),
(57, 6, "Version"),
(58, 6, "Version"),
(59, 7, "Expansion"),
(60, 7, "Expansion"),
(61, 7, "Expansion"),
(62, 7, "Version"),
(63, 7, "Version"),
(64, 7, "Version"),
(65, 7, "Version"),
(66, 7, "Version"),
(67, 8, "Expansion"),
(68, 8, "Expansion"),
(69, 8, "Expansion"),
(70, 8, "Version"),
(71, 8, "Version"),
(72, 8, "Version"),
(73, 8, "Version"),
(74, 8, "Version"),
(75, 9, "Expansion"),
(76, 9, "Expansion"),
(77, 9, "Expansion"),
(78, 9, "Version"),
(79, 9, "Version"),
(80, 9, "Version"),
(81, 9, "Version"),
(82, 9, "Version"),
(83, 10, "Expansion"),
(84, 10, "Expansion"),
(85, 10, "Expansion"),
(86, 10, "Version"),
(87, 10, "Version"),
(88, 10, "Version"),
(89, 10, "Version"),
(90, 10, "Version");



